step,time,gps_available,true_x,true_y,gps_x,gps_y,localized_x,localized_y,localization_error,true_heading,measured_heading,localized_heading,desired_heading,heading_error,robot_speed,desired_speed,current_waypoint,active_segment,true_cross_track,estimated_cross_track,true_waypoint_distance,estimated_waypoint_distance
0,0.0,True,10.0,10.0,10.202013724537782,10.045544547651234,10.040402744907556,10.009108909530246,0.041416832675800784,0.0,356.07679784483946,357.63625242447495,359.91881528756886,-0.0811847124311953,0.0,2.5,1,0,0.0,0.009108909530246123,20.0,19.95959933359702
1,0.1,True,10.249999749034982,9.999645764984983,10.494216317481769,9.862094990283827,10.331075325096126,9.98570992500409,0.08226455293514581,359.91881528756886,4.45082359422139,1.7202202372122315,0.12736261029605106,0.2085473227272132,2.5,2.5,1,0,0.0003542350150169682,0.014290074995910729,19.750000254141785,19.668929865991334
2,0.2,True,10.499999131376411,10.000201488750719,10.717976010249263,9.832624679008983,10.608408238149561,9.950746916673538,0.11915657401372952,0.12736261029605106,356.7860985781779,358.7548764181126,0.43896822473323,0.31160561443718393,2.5,2.5,1,0,0.00020148875071868133,0.04925308332646239,19.500000869664554,19.391654311184567
3,0.30000000000000004,True,10.749991794202845,10.002116830221215,10.979916323330663,10.096649167351563,10.882458659007282,9.969906619737213,0.13632669559019148,0.43896822473323,356.0543051255252,357.1280649601669,0.2682106133587181,-0.17075761137451195,2.5,2.5,1,0,0.002116830221215338,0.030093380262787406,19.25000832218594,19.1175650263338
4,0.4,True,10.999989055052477,10.003287115520056,11.085801895965922,10.12092954670246,11.12308182717623,9.995846275968816,0.12331746284422784,0.2682106133587181,359.84986256430795,358.77809517542744,0.03702079470900165,-0.23118981864971033,2.5,2.5,1,0,0.0032871155200560054,0.00415372403118397,19.00001122929284,18.87691862982165
5,0.5,True,11.249989002866213,10.00344864919866,11.275134593651204,10.169217351085003,11.353131723757471,10.018514966753754,0.10423730041363727,0.03702079470900165,355.101770244265,356.5586017971141,359.83498254139045,-0.20203825331850567,2.5,2.5,1,0,0.0034486491986598367,0.01851496675375408,18.750011314285096,18.646877468239392
6,0.6000000000000001,True,11.499987965996386,10.002728625700087,11.364168089894576,9.939601046476675,11.555041372340003,9.991825245569807,0.056122733792117095,359.83498254139045,357.0631202111977,356.87384181884187,0.07285890499126878,0.23787636360083297,2.5,2.5,1,0,0.0027286257000866954,0.008174754430193332,18.50001223523046,18.444960439174135
7,0.7000000000000001,True,11.749987763866761,10.003046532559782,11.927870465710722,9.940399548658107,11.829606669394234,9.98108332648889,0.08259269058642693,0.07285890499126878,1.8466770625753979,359.8691421417576,0.16859771076427643,0.09573880577300997,2.5,2.5,1,0,0.003046532559782378,0.018916673511110815,18.250012490416918,18.170403177405262
8,0.8,True,11.99998668151661,10.003782177789187,11.880984066127926,9.842565330902877,12.039881563796284,9.95386343961417,0.06390212870550564,0.16859771076427643,0.288600541061943,0.1385734850615563,0.4111931923877889,0.24259548162351052,2.5,2.5,1,0,0.0037821777891871022,0.046136560385830805,18.00001371584056,17.96017769468523
9,0.9,True,12.249980243461112,10.00557633115512,12.499004025344512,9.770834189448792,12.331456085533478,9.92725387607626,0.11301645814208332,0.4111931923877889,4.704353414108319,2.8649188100239917,0.6483350190737966,0.23714182668601325,2.5,2.5,1,0,0.005576331155120684,0.07274612392373925,17.7500206324666,17.668693671462467
10,1.0,True,12.49996423833596,10.008405165970473,12.664970807033004,9.943300266704217,12.598158343135886,9.930987252024225,0.12504245525919375,0.6483350190737966,358.3498561711881,0.15014313820844905,0.6150646912976117,-0.03327032777619365,2.5,2.5,1,0,0.008405165970472694,0.0690127479757745,17.50003778014023,17.401978502743713
11,1.1,True,12.74994983370387,10.011088840420138,12.991320649366147,10.242778773845313,12.876732462706348,9.998176008384338,0.12743851948278825,0.6150646912976117,2.2092723802245535,1.3839571357740932,0.01625664734404608,-0.5988080439535679,2.5,2.5,1,0,0.011088840420137913,0.0018239916156623792,17.250053730412407,17.12326763444057
12,1.2000000000000002,True,12.999949823640886,10.01115977342456,13.041089508422981,10.133089893098337,13.109467286497813,10.032549014361923,0.11158662239934877,0.01625664734404608,2.5875208003312293,2.117626749916939,359.7099036333388,-0.3063530140052535,2.5,2.5,1,0,0.011159773424559205,0.0325490143619227,17.000053839305053,16.8905640753713
13,1.3,True,13.249946619228517,10.009893994646111,13.372228386629192,10.123841197871517,13.36197661606661,10.054949231284953,0.12075054674876241,359.7099036333388,0.5583985219649321,1.1866174571910602,359.51026718722215,-0.19963644611664222,2.5,2.5,1,0,0.009893994646111182,0.05494923128495266,16.750056302885202,16.63811412216941
14,1.4000000000000001,True,13.499937486921347,10.00775715815598,13.253997318343654,10.175465640913126,13.540290605223891,10.085056877622756,0.08719874303211826,359.51026718722215,2.1005392846701056,1.7203821962951062,359.24195977142796,-0.26830741579419737,2.5,2.5,1,0,0.007757158155980548,0.08505687762275649,16.50006433651112,16.45992916245121
15,1.5,True,13.749915607142851,10.00444968018575,13.906275626888116,9.8608283088134,13.813449193521148,10.036291350288359,0.07106622652858252,359.24195977142796,356.9979919954804,358.8769842251365,359.6765503598137,0.4345905883857313,2.5,2.5,1,0,0.0044496801857505375,0.036291350288358615,16.250085002074087,16.186591490268324
16,1.6,True,13.999911623531698,10.003038372385523,14.187696577466266,10.230773126621044,14.088264678603448,10.071500494243738,0.11177354100967099,359.6765503598137,359.0051504782722,358.9436319215542,359.36276547843823,-0.31378488137545446,2.5,2.5,1,0,0.0030383723855234024,0.07150049424373783,16.00008866495754,15.911895966818529
17,1.7000000000000002,True,14.249896161774041,10.000257969579671,14.053515342533482,9.771792541771564,14.281103571837539,10.002369170422497,0.03127874057359196,359.36276547843823,356.30353344646164,357.3664080643457,359.978884350665,0.6161188722267639,2.5,2.5,1,0,0.00025796957967116896,0.002369170422497291,15.75010384033859,15.718896606704526
18,1.8,True,14.499896144796546,10.000165835180608,14.533611487799092,9.871693572084476,14.5314922846993,9.982952338669863,0.03598083543888173,359.978884350665,4.951339403456984,1.9250098565318012,0.1519399396910458,0.1730555890260348,2.5,2.5,1,0,0.00016583518060819813,0.01704766133013713,15.500103856090586,15.468517109311872
19,1.9000000000000001,True,14.749895265757042,10.000828797456803,14.538235292293898,9.873713946991739,14.732790862784222,9.96557756445296,0.03918175633311748,0.1519399396910458,0.8307466695768774,1.2814994843039895,0.30679311107578905,0.15485317138472965,2.5,2.5,1,0,0.0008287974568030876,0.0344224355470395,15.250104756764287,15.267247942689407
20,2.0,True,14.99989168186501,10.002167428537765,14.967547198490545,9.93970540654641,14.979635085385876,9.95386047612449,0.052382166358188605,0.30679311107578905,355.9946954917448,358.12533244111285,0.4112196036531034,0.10442649257731773,2.5,2.5,1,0,0.0021674285377653035,0.046139523875510235,15.000108474725407,15.020435780090883
21,2.1,True,15.249885242982447,10.003961697141616,15.370172292038877,9.85460903569406,15.2575411088419,9.925036527655363,0.07929561564482379,0.4112196036531034,356.95567102835605,357.4283723220641,0.6680949207015185,0.2568753170484115,2.5,2.5,1,0,0.003961697141615872,0.07496347234463663,14.750115289048802,14.742649479644847
22,2.2,True,15.499868247395511,10.006876745103074,15.325494738626887,10.132435704194677,15.470839627454628,9.955709071323989,0.0588284932293453,0.6680949207015185,356.5392084671125,356.90243030417804,0.39474448721644406,-0.2733504334850636,2.5,2.5,1,0,0.006876745103074455,0.04429092867601092,14.500133383266242,14.529227880982036
23,2.3000000000000003,True,15.749862314110953,10.00859912922859,15.823453019485875,9.944763500178318,15.741303886434256,9.94868628790686,0.06052103138199298,0.39474448721644406,359.76099185820317,358.61512093746654,0.4573328192314371,0.0625883320149967,2.5,2.5,1,0,0.00859912922859074,0.051313712093140396,14.25014028042597,14.258788446290366
24,2.4000000000000004,True,15.999854350185625,10.010594598907547,16.138637455734973,10.105940651089501,16.020673168339982,9.986379218599913,0.03193443020921992,0.4573328192314371,3.912854870064295,1.7885083497791356,0.12139744090000684,-0.3359353783314418,2.5,2.5,1,0,0.010594598907546882,0.013620781400087267,14.000149658540883,13.979333467374461
25,2.5,True,16.249853789029576,10.011124294773024,16.190124438085732,10.139301563246526,16.25455656832069,10.015307927764244,0.006294356048569524,0.12139744090000684,358.01039005363793,359.52565434929596,359.8635656450312,-0.25783179586881033,2.5,2.5,1,0,0.011124294773024346,0.015307927764244056,13.750150710919444,13.745451955688772
26,2.6,True,16.49985308024864,10.010528988158855,16.42459879616624,10.18912836895433,16.488529056275645,10.046279687863445,0.03750128062224983,359.8635656450312,358.47802513354304,358.913512902332,359.5875312245659,-0.2760344204652938,2.5,2.5,1,0,0.010528988158855057,0.04627968786344461,13.500151025616852,13.511550202423711
27,2.7,True,16.74984660218773,10.008729269155687,16.600100475114143,9.942805273729832,16.710795530693947,10.02121199655419,0.04099761783467369,359.5875312245659,358.66637134781934,358.74718281777757,359.81094501627047,0.22341379170455866,2.5,2.5,1,0,0.008729269155686836,0.021211996554189483,13.250156273255648,13.289221398404866
28,2.8000000000000003,True,16.999845241242603,10.007904362669214,16.92836614310858,10.182602775990576,16.954249778342774,10.058383653094815,0.0680228270429999,359.81094501627047,3.2015247708135917,1.4020245851817208,359.4796596745329,-0.331285341737555,2.5,2.5,1,0,0.007904362669213683,0.05838365309481475,13.000157161765076,13.045880863200393
29,2.9000000000000004,True,17.249834931763285,10.00563398090076,17.169419144094086,9.861100412546449,17.197186069703683,10.025173859676546,0.056157898275696,359.4796596745329,2.072031203664153,1.7898831547164493,359.77563467140493,0.2959749968720189,2.5,2.5,1,0,0.005633980900759283,0.025173859676545618,12.750166312994688,12.802838679644465
30,3.0,True,17.49983301496821,10.004655004974936,17.42536480700742,10.077606794559669,17.44281156258168,10.037685718966664,0.06589745138525861,359.77563467140493,359.7781621283929,0.5802076959862592,359.66412321388606,-0.1115114575188727,2.5,2.5,1,0,0.00465500497493565,0.03768571896666373,12.500167851783033,12.557244987107895
31,3.1,True,17.749828719371685,10.003189474419088,17.65718741987576,9.848311765840103,17.685636641261777,10.00428693126835,0.06420145873424168,359.66412321388606,1.7741750315299214,1.2823874497316619,359.9617919727487,0.2976687588626419,2.5,2.5,1,0,0.003189474419087901,0.004286931268350003,12.250171695836668,12.314364104931048
32,3.2,True,17.99982866378459,10.003022760462388,17.967855693580056,10.005208119989325,17.94192078059265,9.996480990150774,0.05827621894547899,359.9617919727487,355.31631807996246,357.71037302367216,0.03136379435572707,0.06957182160704178,2.5,2.5,1,0,0.003022760462387808,0.0035190098492261512,12.000171716921669,12.05807973289834
33,3.3000000000000003,True,18.249828626328544,10.003159610824909,18.329693678820465,9.85215680862432,18.219358510585717,9.96078049680636,0.0521959505936855,0.03136379435572707,358.26914585101014,358.0413470459084,0.349546420085582,0.318182625729861,2.5,2.5,1,0,0.0031596108249090094,0.03921950319364065,11.750171798479744,11.780706773005596
34,3.4000000000000004,True,18.499823973970628,10.004684785343725,18.652167150457664,10.010688405264684,18.505852246452754,9.965547462499327,0.03959886499062114,0.349546420085582,358.79172341700337,358.5059532479835,0.3070613923611476,-0.04248502772443885,2.5,2.5,1,0,0.004684785343725295,0.03445253750067323,11.50017698024141,11.494199387417787
35,3.5,True,18.74982038380786,10.006024587005829,18.82201832316923,10.218211874135088,18.76882535581419,10.005883544464501,0.01900549536212609,0.3070613923611476,356.1086458165037,357.07756485895885,359.94756188431325,-0.3594995080479748,2.5,2.5,1,0,0.006024587005828863,0.0058835444645009005,11.250181229306206,11.231176185257612
36,3.6,True,18.999820279104924,10.005795782594701,19.16956798884262,9.854880601898207,19.04897046922473,9.974514509800171,0.05826027133870025,359.94756188431325,1.3826014171401653,359.6652629305695,0.22714274761438427,0.27958086330113474,2.5,2.5,1,0,0.005795782594701038,0.02548549019982893,11.00018124773802,10.951059185947392
37,3.7,True,19.24981831456016,10.006786877203101,19.480444631244076,9.920481492698345,19.33525649322181,9.965584947969228,0.09485400015609897,0.22714274761438427,1.0943684472967776,0.5377406996434502,0.3067273060678905,0.07958455845351864,2.5,2.5,1,0,0.006786877203101227,0.034415052030771776,10.750183827808172,10.66479903519864
38,3.8000000000000003,True,19.4998147322054,10.008125221159665,19.609829403741806,10.177293025301545,19.59016990230033,10.00724157524925,0.09035949088490298,0.3067273060678905,359.32887268223925,359.8037649558552,359.935458207485,-0.37126909858284307,2.5,2.5,1,0,0.00812522115966452,0.007241575249249621,10.500188411510987,10.409832616492254
39,3.9000000000000004,True,19.74981457358949,10.007843604523092,19.68629190846191,10.038099947787975,19.809232869981166,10.005379112603547,0.05946938427889278,359.935458207485,356.3002745798402,357.6977697833855,359.95205771901203,0.016599511527033428,2.5,2.5,1,0,0.007843604523092296,0.005379112603547398,10.250188427435386,10.190768549678905
40,4.0,True,19.999814486070537,10.007634416883963,19.776598405540884,10.055068723305709,20.00265483057151,10.01079420458218,0.004248742776635609,359.95205771901203,359.3984657848602,358.7041941395509,359.9037948335167,-0.0482628854953191,2.5,2.5,1,0,0.007634416883963269,0.01079420458217939,10.000188428091034,9.997350996716465
41,4.1000000000000005,True,20.249814133649814,10.007214642853071,20.147095427721553,10.095023051211337,20.231491159483546,10.032191185277766,0.03097675021351079,359.9037948335167,3.008407873376825,1.303938570494097,359.7130927674598,-0.19070206605692874,2.5,2.5,1,0,0.007214642853071496,0.032191185277765655,9.750188535584655,9.768561881856392
42,4.2,True,20.499810999304557,10.005962779120892,20.414315063354806,9.924645588426388,20.467816251010692,10.020470745486843,0.03513040003278286,359.7130927674598,3.8013324157640795,2.8053709194850365,359.81755147802653,0.10445871056674605,2.5,2.5,1,0,0.005962779120892492,0.020470745486843356,9.500190871959864,9.532205729835914
43,4.3,True,20.749809731812984,10.005166698610303,20.61553590267161,10.032223949248845,20.69734798721816,10.0206128796871,0.054688382274391184,359.81755147802653,357.0689110723729,359.3672966188504,359.8162846947701,-0.0012667832564261516,2.5,2.5,1,0,0.005166698610302944,0.020612879687099905,9.250191711118008,9.302674849833409
44,4.4,True,20.999808446659337,10.00436509074325,21.078208765105174,10.156896564431781,20.97350355990256,10.050445054891737,0.05305949644703337,359.8162846947701,1.6200785056931295,0.7378291045889114,359.55040875671864,-0.26587593805146525,2.5,2.5,1,0,0.004365090743249311,0.05044505489173723,9.000192611874581,9.026637396431452
45,4.5,True,21.249800750071902,10.002403399003757,21.387340074426906,9.837666655875717,21.256230170398403,10.003855108396982,0.00659127498267259,359.55040875671864,357.55802076394605,358.8441893367889,359.9656406688968,0.41523191217817157,2.5,2.5,1,0,0.0024033990037573005,0.0038551083969817768,8.75019957999639,8.743770679455855
46,4.6000000000000005,True,21.499800705119373,10.00225347814861,21.559781146606962,10.09906719549191,21.516872252067852,10.017678254847068,0.023007856297608695,359.9656406688968,358.2851577600734,358.5046192433377,359.84243982509554,-0.12320084380127128,2.5,2.5,1,0,0.0022534781486100997,0.017678254847067976,8.500199593589134,8.483146168045838
47,4.7,True,21.74979975984609,10.001565993059568,21.894527142116726,9.932686566649283,21.792398694392077,10.002026859540209,0.04260142746864389,359.84243982509554,1.6204734851708622,0.38587347156106944,359.9819352565711,0.13949543147555232,2.5,2.5,1,0,0.0015659930595681715,0.0020268595402086476,8.25020038877662,8.207601555873463
48,4.800000000000001,True,21.999799747420177,10.001487170748034,22.110300367960715,10.052446758215709,22.05575935419157,10.021482163014571,0.059424551371867494,359.9819352565711,4.226524833264591,2.685669856064596,359.8085371364748,-0.1733981200962944,2.5,2.5,1,0,0.0014871707480335061,0.021482163014571398,8.000200390806164,7.944269690905675
49,4.9,True,22.249798351587234,10.00065175796188,22.205537417142605,9.850069131494545,22.28554586426514,9.995422233342508,0.036128002856531484,359.8085371364748,2.1548976534029975,2.3562874642295712,0.040800147847884494,0.23226301137310656,2.5,2.5,1,0,0.00065175796187944,0.0045777666574924325,7.750201675817759,7.7144554939609495
50,5.0,True,22.499798288201983,10.000829782175645,22.33600065287963,9.851531563763482,22.495368114177538,9.9770080234091,0.02423020083735,0.040800147847884494,3.376218407685054,2.9703759081297214,0.20491918290743497,0.16411903505954228,2.5,2.5,1,0,0.0008297821756446666,0.02299197659089991,7.500201757699346,7.504667106054123
51,5.1000000000000005,True,22.749796689271744,10.001723908880003,22.8350876395051,10.152207594679068,22.762767716466946,10.026793270651162,0.028226236839365274,0.20491918290743497,5.043996375163582,4.228063012405077,359.7612016206275,-0.4437175622799714,2.5,2.5,1,0,0.0017239088800025115,0.02679327065116155,7.2502035156784945,7.237281879626166
52,5.2,True,22.99979451793656,10.000681957404462,23.191921844162675,9.951900195824994,23.04858796557264,10.01387146426233,0.05054466958412681,359.7612016206275,358.1378905501258,0.5892426403166868,359.8763683139821,0.11516669335458118,2.5,2.5,1,0,0.0006819574044616417,0.01387146426232988,7.000205515281457,6.951425874588774
53,5.300000000000001,True,23.24979393593498,10.000142512827871,23.211083302378366,9.91641416501564,23.28096214992758,9.987313349849734,0.033705266446179306,359.8763683139821,356.22238153991486,357.97513112084073,0.11307186584031655,0.236703551858227,2.5,2.5,1,0,0.00014251282787114405,0.012686650150266487,6.75020606556941,6.7190498273042945
54,5.4,True,23.499793449109028,10.000635881595196,23.605048572535317,9.782584816560163,23.545761660672213,9.949033950536787,0.06910742191164788,0.11307186584031655,2.638411271968863,0.7638634167871601,0.45423441064977255,0.34116254480946395,2.5,2.5,1,0,0.0006358815951958974,0.050966049463212926,6.500206581993476,6.454439563513366
55,5.5,True,23.749785592728042,10.002617832344079,23.862408306357988,9.995512986897019,23.809089843704385,9.957652675332701,0.07442351462355766,0.45423441064977255,359.183701481277,359.80602978815955,0.37742255951656706,-0.07681185113321476,2.5,2.5,1,0,0.002617832344078863,0.042347324667298736,6.250214955496822,6.191054987579312
56,5.6000000000000005,True,23.999780168737935,10.004264637018023,23.74999325676734,10.128629594316221,23.997121668936778,9.984133087090614,0.020306327183233667,0.37742255951656706,356.4488569739265,357.78927481709434,0.1414163796172568,-0.23600617989930583,2.5,2.5,1,0,0.004264637018023265,0.015866912909386244,6.000221346800421,6.002899300877339
57,5.7,True,24.24977940724837,10.004881681751668,24.272840645359715,10.137542309044852,24.25213925641838,10.02191895800057,0.017199932269827287,0.1414163796172568,4.866892544067498,2.0355818806806383,359.80464416829267,-0.33677221132461455,2.5,2.5,1,0,0.004881681751667699,0.021918958000570754,5.750222664916694,5.74790253643244
58,5.800000000000001,True,24.499777954076144,10.004029282784183,24.525450178052612,10.057260678661024,24.506631132072663,10.03723923911629,0.03390969254110812,359.80464416829267,2.597595783980637,2.3646770563122343,359.66810240936206,-0.13654175893060483,2.5,2.5,1,0,0.004029282784182797,0.03723923911629079,5.5002235217840525,5.493495087832812
59,5.9,True,24.749773759657906,10.002581114449185,24.907928182496374,10.163604370162313,24.786695946432236,10.07133272010808,0.07803865168539638,359.66810240936206,2.64293784753977,2.5276940127444245,359.3642606105645,-0.30384179879757767,2.5,2.5,1,0,0.0025811144491854066,0.07133272010807978,5.250226874805362,5.213792047243935
60,6.0,False,24.999758370369687,9.999807234985393,24.786695946432236,10.07133272010808,24.98666568987535,10.074811470932122,0.07613838514494103,359.3642606105645,0.0020153794784505408,0.996638959588876,359.33325963494605,-0.031000975618439952,2.5,2.5,1,0,0.00019276501460652185,0.07481147093212215,5.0002416333459685,5.01389246606427
61,6.1000000000000005,False,25.24974144362887,9.996898096986936,24.98666568987535,10.074811470932122,25.186657792794026,10.073034178000736,0.09887492015062517,359.33325963494605,358.5080840990668,359.490836378837,359.3490979780497,0.01583834310366683,2.5,2.4255585037002314,1,0,0.0031019030130643443,0.07303417800073575,4.750259569137189,4.813896259250579
62,6.2,False,25.492281642243068,9.994142628803258,25.186657792794026,10.073034178000736,25.380594191118913,10.079515794770845,0.1405797432276059,359.3490979780497,3.536020293846377,1.9141899592738127,359.29133755884783,-0.057760419201883906,2.4255585037002314,2.348036051109063,1,0,0.005857371196741568,0.07951579477084536,4.5077221633166555,4.620090127772658
63,6.300000000000001,False,25.727067287500237,9.991238536130284,25.380594191118913,10.079515794770845,25.568167372245387,10.089578141657363,0.18686856633264937,359.29133755884783,3.8259137632346665,3.07068375428205,359.20167064091726,-0.0896669179305718,2.348036051109063,2.2730951326488102,1,0,0.008761463869715769,0.08957814165736266,4.272941694991839,4.432737831622026
64,6.4,False,25.95435473598889,9.988071427001316,25.568167372245387,10.089578141657363,25.7498435008782,10.09747356883086,0.2319346328675211,359.20167064091726,2.1305747511410686,2.488440198907533,359.1313161501363,-0.07035449078097145,2.2730951326488102,2.2005096348399986,1,0,0.011928572998684217,0.09747356883086056,4.0456628496538505,4.251274087099996
65,6.5,False,26.174380408636647,9.984735275605056,25.7498435008782,10.09747356883086,25.925589076596694,10.107664034704719,0.2775042462954349,359.1313161501363,3.9035188017194855,3.318533871604603,359.0405149551835,-0.09080119495280314,2.2005096348399986,2.1303332624769493,1,0,0.015264724394944196,0.10766403470471886,3.825650045369278,4.075833156192373
66,6.6000000000000005,False,26.387383864654907,9.981167949374681,25.925589076596694,10.107664034704719,26.09573775216543,10.117394141650935,0.32189288652020853,359.0405149551835,3.2332448074909053,3.2729466687627875,358.95382023713387,-0.08669471804961404,2.1303332624769493,2.0624107057677357,1,0,0.018832050625318786,0.11739414165093542,3.6126652194033237,3.9060267644193387
67,6.7,False,26.59359055566034,9.97740234487573,26.09573775216543,10.117394141650935,26.260677083639862,10.113191807053893,0.3595415941047227,358.95382023713387,355.36772535562795,358.54053028957867,358.9912622428943,0.03744200576045387,2.0624107057677357,1.996414287983122,1,0,0.022597655124270588,0.11319180705389265,3.406484398394265,3.7410357199578046
68,6.800000000000001,False,26.793201044427654,9.97388768035321,26.260677083639862,10.113191807053893,26.42035859656637,10.110013365802923,0.3969152216359921,358.9912622428943,359.07764207680583,358.85968500419955,359.0195821268099,0.02831988391557161,1.996414287983122,1.9325326114448678,1,0,0.026112319646790283,0.11001336580292254,3.206905267496566,3.581331528612169
69,6.9,False,26.986426013587494,9.97058098469763,26.42035859656637,10.110013365802923,26.57461133258762,10.099618169149382,0.43155755868512385,359.0195821268099,354.3383793363158,356.14462784566956,359.1122065113397,0.09262438452981314,1.9325326114448678,1.870734769528334,1,0,0.0294190153023699,0.09961816914938204,3.01371757967523,3.426836923820835
70,7.0,False,27.17347703351756,9.967682412230948,26.57461133258762,10.099618169149382,26.724253944909446,10.097418288197721,0.4675818440139436,359.1122065113397,1.1582985912196477,359.15776119428364,359.13180873537084,0.01960222403113221,1.870734769528334,1.810877723683896,1,0,0.032317587769052025,0.09741828819772103,2.826707715086917,3.2771943092097398
71,7.1000000000000005,False,27.35454401675285,9.964938531144474,26.724253944909446,10.097418288197721,26.86911821217853,10.098731338635544,0.5035262923452634,359.13180873537084,1.4147311909371183,0.5193150086625451,359.1201086643884,-0.011700070982442412,1.810877723683896,1.7529752525275781,1,0,0.035061468855525746,0.09873133863554351,2.6456883160902476,3.132438131318945
72,7.2,False,27.529820871548935,9.962246592710231,26.86911821217853,10.098731338635544,27.009273924271483,10.093927311371639,0.5369440715633794,359.1201086643884,356.4104122427937,358.036877953024,359.16291579301475,0.04280712862635028,1.7529752525275781,1.6968802646790697,1,0,0.037753407289768504,0.09392731137163857,2.4704676169497244,2.9922006616976744
73,7.300000000000001,False,27.69949078851475,9.959767559958037,27.009273924271483,10.093927311371639,27.14493707977558,10.08906057861975,0.5694264663246933,359.16291579301475,357.91145924440116,357.9454722121787,359.20628262267184,0.0433668296570886,1.6968802646790697,1.642580662542788,1,0,0.04023244004196336,0.08906057861974936,2.3008609869699237,2.8564516563569695
74,7.4,False,27.86373309404091,9.957492168772525,27.14493707977558,10.08906057861975,27.276287097469254,10.085209767950262,0.6011693472124068,359.20628262267184,358.5689129623336,358.32073094623894,359.2405973482875,0.034314725615672614,1.642580662542788,1.5900181781945912,1,0,0.042507831227474924,0.08520976795026236,2.1366897784216796,2.725045445486478
75,7.5,False,28.02272094609666,9.955384808197769,27.276287097469254,10.085209767950262,27.403468388921677,10.08747451279802,0.6331835591904885,359.2405973482875,2.8224890762833184,1.0201705537232328,359.22041605014346,-0.020181298144052562,1.5900181781945912,1.539201862794192,1,0,0.04461519180223128,0.08747451279801943,1.9777823369482406,2.5980046569854798
76,7.6000000000000005,False,28.17662688485205,9.95329058755187,27.403468388921677,10.08747451279802,27.526516521885476,10.092129421010773,0.6647704157923675,359.22041605014346,2.9024094200267996,2.1664650144939257,359.1789364537216,-0.041479596421879705,1.539201862794192,1.4900794591725497,1,0,0.04670941244813065,0.09212942101077282,1.8239712953485852,2.475198647931374
77,7.7,False,28.32561953116225,9.951155337692404,27.526516521885476,10.092129421010773,27.645684454198502,10.089102971938887,0.6937876178485021,359.1789364537216,356.11494523262036,358.54520012889276,359.20590485725825,0.02696840353667085,1.4900794591725497,1.4424004268938717,1,0,0.04884466230759621,0.08910297193888717,1.675092760255762,2.356001067234679
78,7.800000000000001,False,28.469845720696142,9.949156296029464,27.645684454198502,10.089102971938887,27.761042015595265,10.091923357411725,0.7230388137440873,359.20590485725825,3.2801580447861625,1.4005496939585669,359.1807726556982,-0.025132201560040812,1.4424004268938717,1.3963376827573462,1,0,0.050843703970535614,0.09192335741172464,1.530998759210912,2.2408442068933656
79,7.9,False,28.609465215925443,9.94715985048877,27.761042015595265,10.091923357411725,27.87273880755352,10.090412138804565,0.7505244958695909,359.1807726556982,357.7676282666527,359.22485539722595,359.19423895034566,0.013466294647457744,1.3963376827573462,1.3516726634788303,1,0,0.05284014951122984,0.09041213880456489,1.3915383814762867,2.129181658697076
80,8.0,False,28.744619116267312,9.945259031102463,27.87273880755352,10.090412138804565,27.98086422288542,10.089064514910977,0.777175369101587,359.19423895034566,359.35397337496374,359.2859295520371,359.20624754651277,0.012008596167106589,1.3516726634788303,1.3084396600108563,1,0,0.0547409688975371,0.08906451491097656,1.2565738087821603,2.021099150027141
81,8.1,False,28.87545052654746,9.94344642993264,27.98086422288542,10.089064514910977,28.085521596945178,10.090994762513564,0.8035908313750345,359.20624754651277,2.254312015263565,1.0566145434303849,359.18904724707016,-0.017200299442606592,1.3084396600108563,1.2666558656991538,1,0,0.056553570067359615,0.09099476251356364,1.125970614416623,1.9166396642478842
82,8.200000000000001,False,29.002103425875113,9.9416536909666,28.085521596945178,10.090994762513564,28.18673157033805,10.086013737386269,0.8280525863761559,359.18904724707016,354.60672957691975,357.18247493752125,359.23343309914503,0.04438585207486767,1.2666558656991538,1.2261229384645955,1,0,0.05834630903339999,0.08601373738626883,0.999600852554662,1.8153073461614886
83,8.3,False,29.124704746038713,9.940013295760147,28.18673157033805,10.086013737386269,28.28478880589657,10.083485042053276,0.8520815269029467,359.23343309914503,359.4016684039642,358.52278655942706,359.2559666268396,0.02253352769457706,1.2261229384645955,1.2,1,0,0.05998670423985253,0.083485042053276,0.8773483836496843,1.7172417397164403
84,8.4,False,29.244694628270764,9.938455039703507,28.28478880589657,10.083485042053276,28.380746518960688,10.080635953864919,0.8755693849902645,359.2559666268396,358.13340499180106,358.2993260265146,359.2813554916868,0.025388864847172954,1.2,1.2,1,0,0.06154496029649259,0.08063595386491862,0.7578086742053932,1.6212600016387362
85,8.5,False,29.364685189215816,9.936949953628927,28.380746518960688,10.080635953864919,28.47670867316869,10.077940594935253,0.8990999132394348,359.2813554916868,358.437964110472,358.3911147084492,359.30537470054617,0.0240192088593858,1.2,1.2,1,0,0.06305004637107281,0.07794059493525296,0.6384357580439382,1.5252839744579865
86,8.6,False,29.484676370570813,9.935495169441538,28.47670867316869,10.077940594935253,28.572495327429593,10.071543965705539,0.9222708552432356,359.30537470054617,354.72144786609834,356.17946253425987,359.36237807930115,0.057003378754984624,1.2,1.2,1,0,0.06450483055846234,0.07154396570553878,0.5193450839407701,1.429296375577585
87,8.700000000000001,False,29.604668939900687,9.934159764778084,28.572495327429593,10.071543965705539,28.66848523136681,10.07293620926337,0.9464136715349285,359.36237807930115,3.9509969359737056,0.8309632960779822,359.34997102921056,-0.01240705009058729,1.2,1.2,1,0,0.06584023522191629,0.07293620926336963,0.40077622640736027,1.3335108809867322
88,8.8,False,29.724661217243565,9.932798376490265,28.66848523136681,10.07293620926337,28.764480466277764,10.071979718599296,0.9702157082404513,359.34997102921056,358.5049720105508,359.42912724009125,359.35849483848676,0.008523809276198335,1.2,1.2,1,0,0.06720162350973524,0.0719797185992963,0.2834210710094429,1.2376144787852337
89,8.9,False,29.844653695790345,9.931454839292957,28.764480466277764,10.071979718599296,28.860435724364862,10.069049113638142,0.9937893134912809,359.35849483848676,357.46846974634616,358.25065222680354,359.3846112306753,0.026116392188555437,1.2,1.2,1,0,0.06854516070704264,0.06904911363814215,0.1697966822053742,1.1416542902288982
90,9.0,False,29.964646774278872,9.930165996848816,28.860435724364862,10.069049113638142,28.95641063021897,10.07124398181084,1.0180585052096602,359.3846112306753,3.333465876095204,1.3100795991351788,359.36505140908224,-0.01955982159307723,1.2,1.2,1,0,0.06983400315118438,0.07124398181083968,0.0782728469202995,1.0460183926032245
91,9.1,False,30.08463940578599,9.928836190848912,28.95641063021897,10.07124398181084,29.052320884138194,10.067093898299687,1.0415357525340325,359.36505140908224,354.9644811823561,357.5223292203083,3.927294364378705,4.562242955296483,1.2,1.2,1,0,0.11058081544597934,0.06709389829968693,0.11058081544597934,0.9500512080038969
92,9.200000000000001,False,30.20435761755532,9.937055057604937,29.052320884138194,10.067093898299687,29.148300916766228,10.06905178918568,1.064273880366112,3.927294364378705,3.622005603043262,1.16861106930196,12.569701084070745,8.642406719692048,1.2,1.2,1,0,0.21383194715945625,0.06905178918568033,0.21383194715945625,0.8544936968585497
93,9.3,False,30.321481455524886,9.963170313285842,29.148300916766228,10.06905178918568,29.24373146043119,10.079492638567308,1.0840091952023982,12.569701084070745,9.627784570732276,6.243773530359182,21.022127462278945,8.452426378208202,1.2,1.2,1,0,0.3235842271648328,0.0794926385673076,0.3235842271648328,0.7604348647503844
94,9.4,False,30.43349449027212,10.006217729546456,29.24373146043119,10.079492638567308,29.336729329997244,10.103312719511223,1.101054609848683,21.022127462278945,19.802567747298564,14.366636910429973,28.967782135955844,7.9456546736768985,1.2,1.2,1,0,0.4335390792731366,0.1033127195112229,0.4335390792731366,0.6712685749375653
95,9.5,False,30.538481552002402,10.064335858123025,29.336729329997244,10.103312719511223,29.425847047892077,10.139006309372942,1.1151373081494023,28.967782135955844,26.809625721570814,21.827178667829305,36.101587640882116,7.133805504926272,1.2,1.2,1,0,0.5423112431872877,0.13900630937294167,0.5423112431872877,0.590740523800195
96,9.600000000000001,False,30.635438378868272,10.135042107663653,29.425847047892077,10.139006309372942,29.507309068560595,10.189799411154603,1.1294574374720265,36.101587640882116,38.69823638626439,31.94431518295194,41.588458083207804,5.4868704423256816,1.2,1.2,1,0,0.6496293590817611,0.18979941115460264,0.6496293590817611,0.527985009633098
97,9.700000000000001,False,30.725190197217344,10.214695174792514,29.507309068560595,10.189799411154603,29.583822188931126,10.247779945915543,1.1418474208139682,41.588458083207804,40.594357741424226,37.154321978652554,86.29591064904557,44.70745256583777,1.2,2.5,2,1,0.7251901972173442,0.41617781106887364,19.798590552070085,19.756603985386818
98,9.8,False,30.88391173802042,10.407846598512604,29.583822188931126,10.247779945915543,29.718607415164396,10.39553969276578,1.1653693083293368,50.588458083207804,54.62085473842208,47.629186454288295,87.49363874919682,36.90518066598901,2.5,2.5,2,1,0.8839117380204193,0.28139258483560425,19.612082369499277,19.606479687203475
99,9.9,False,31.0104636136315,10.623449527016179,29.718607415164396,10.39553969276578,29.831889071630236,10.56036464933594,1.1802616882901102,59.588458083207804,60.723323551636994,55.49985779709489,88.50202302993158,28.913564946723767,2.5,2.5,2,1,1.0104636136315008,0.1681109283697637,19.402879810650862,19.440362235591838
100,10.0,False,31.10172969687145,10.856195100658384,29.831889071630236,10.56036464933594,29.924496112069956,10.737632627439702,1.183188900066385,68.5884580832078,67.02941970417277,62.41686235141053,89.32708918943098,20.73863110622318,2.5,2.5,2,1,1.1017296968714483,0.07550388793004359,19.175481072166733,19.262515350612134
101,10.100000000000001,False,31.15546271387613,11.100352350977875,29.924496112069956,10.737632627439702,29.98343738555825,10.928750199315179,1.1845212824909055,77.5884580832078,79.85265285055938,72.86006928128916,89.85238309692004,12.263925013712253,2.5,2.5,2,1,1.1554627138761298,0.016562614441749446,18.934935313867474,19.07125699266616
102,10.200000000000001,False,31.17033957943723,11.34990931616033,29.98343738555825,10.928750199315179,30.015942736685613,11.126091026687739,1.1758939991586557,86.5884580832078,85.84106808576597,80.64641130382684,90.14209216829295,3.55363408508515,2.5,2.5,2,1,1.170339579437229,0.015942736685612857,18.686775464125443,18.873915706703
103,10.3,False,31.16971958602825,11.599908547375493,30.015942736685613,11.126091026687739,30.02947949507794,11.325632391252151,1.1727637762261285,90.14209216829295,89.74726560095716,86.11903734705481,90.26273937057108,0.12064720227812131,2.5,2.5,2,1,1.1697195860282505,0.029479495077939788,18.43723432011655,18.674390877008037
104,10.4,False,31.168573173273348,11.849905918837266,30.02947949507794,11.325632391252151,30.036783495964453,11.52549897568049,1.1773647431579117,90.26273937057108,89.09822031239332,87.90709248009397,90.32783583385167,0.06509646328058238,2.5,2.5,2,1,1.168573173273348,0.036783495964453294,18.187673804430094,18.47453764301445
105,10.5,False,31.167142727401963,12.099901826452989,30.036783495964453,11.52549897568049,30.031148485896782,11.725419576573787,1.1961270301299605,90.32783583385167,94.08030442000435,91.6145251307001,90.27761421550247,-0.05022161834921235,2.5,2.5,2,1,1.1671427274019628,0.03114848589678232,17.938108505880667,18.27460696924687
106,10.600000000000001,False,31.16593141161389,12.349898891863889,30.031148485896782,11.725419576573787,30.027859745526584,11.925392535212643,1.2146657005069552,90.27761421550247,90.46811332731444,90.94219717983992,90.24830335349723,-0.02931086200521804,2.5,2.5,2,1,1.1659314116138901,0.02785974552658388,17.688568771498037,18.074628935930264
107,10.700000000000001,False,31.16484798723964,12.599896544236117,30.027859745526584,11.925392535212643,30.02852462644879,12.125391430042988,1.2314162105780675,90.24830335349723,89.03400014257993,89.80952529554992,90.2542291083056,0.005925754808345118,2.5,2.5,2,1,1.1648479872396393,0.028524626448788837,17.439050177823976,17.874631330002156
108,10.8,False,31.16373870713101,12.849894083219285,30.02852462644879,12.125391430042988,30.03423967507728,12.325309758915491,1.245374151295738,90.2542291083056,87.36618553825983,88.36253627412721,90.30516427252876,0.050935164223176344,2.5,2.5,2,1,1.1637387071310101,0.03423967507728065,17.189543936220993,17.674723405859492
109,10.9,False,31.16240718309761,13.099890537281635,30.03423967507728,12.325309758915491,30.043824118713022,12.52507997301207,1.2576308109790841,90.30516427252876,86.48967235111077,87.25320711571689,90.39058415629154,0.08541988376276777,2.5,2.5,2,1,1.16240718309761,0.043824118713022386,16.940038084702753,17.474974978608834
110,11.0,True,31.160702951413946,13.349884728402886,31.206950022971387,13.40569505669616,30.28658738993071,12.90094587228474,0.9826617481920331,90.39058415629154,86.97872717891691,87.09440581009551,92.55257068773588,2.1619865314443416,2.5,2.5,2,1,1.1607029514139455,0.286587389930709,16.69052335605126,17.101455622098474
111,11.100000000000001,True,31.1495689446189,13.59963667312542,31.31326895526864,13.590667482246644,30.49205976813261,13.238890147992814,0.7499709144753076,92.55257068773588,91.86158106739327,89.96102020731753,94.37703498018418,1.8244642924482832,2.5,2.5,2,1,1.149568944618899,0.4920597681326093,16.440602969840395,16.7683310525069
112,11.200000000000001,True,31.13048909760187,13.848907528697842,31.360028354535313,13.705949474626804,30.66685920601861,13.532298378881142,0.5614214371727876,94.37703498018418,89.43538823652555,89.65458439785355,95.92231849111823,1.5452835109340413,2.5,2.5,2,1,1.1304890976018704,0.6668592060186107,16.1906081916755,16.48119831452957
113,11.3,True,31.104694098423074,14.097573203887173,31.157253010414586,13.848294308780371,30.756653834022387,13.795325924065837,0.46096143418240193,95.92231849111823,94.20823523165865,92.37390839150305,96.7129251815932,0.7906066904749878,2.5,2.5,2,1,1.1046940984230744,0.7566538340223872,15.940750517363291,16.222329886048847
114,11.4,True,31.075470403300205,14.345859280104438,30.855626374667146,14.27452488303353,30.757434691880114,14.09025986721336,0.40801687907333817,96.7129251815932,97.51954981416995,95.45524810647005,96.71978952070492,0.006864339111700701,2.5,2.5,2,1,1.075470403300205,0.757434691880114,15.691040700561166,15.927759993334448
115,11.5,True,31.046216962394702,14.594141853385747,30.898498847478095,14.682849057651548,30.75611496848348,14.406585258806281,0.3454513613253138,96.71978952070492,100.5484493034024,98.49150501301497,96.70818802754546,-0.011601493159446363,2.5,2.5,2,1,1.046216962394702,0.7561149684834803,15.441341754070569,15.61173575027589
116,11.600000000000001,True,31.017013795400125,14.84243034493839,31.24496032436656,14.639612649023036,30.836600728539885,14.652442555302368,0.26200044829102537,96.70818802754546,92.62357581319469,94.95748729327296,97.41468126911975,0.706493241574293,2.5,2.5,2,1,1.0170137954001248,0.8366007285398851,15.191650170672004,15.370342230974792
117,11.700000000000001,True,30.98475137173036,15.090339876862744,30.882082712546378,15.042464109330162,30.821410623878656,14.928966804267072,0.22961155996099758,97.41468126911975,98.29294828577181,96.97478385365866,97.28151141651537,-0.1331698526043965,2.5,2.5,2,1,0.9847513717303613,0.8214106238786556,14.942145102079355,15.093401107765757
118,11.8,True,30.953065239007643,15.338323725113145,31.06374845175502,15.562643252577578,30.83869447361134,15.25325607608658,0.14253833480240677,97.28151141651537,100.29008814425376,98.9700747105926,97.43303060196614,0.15151918545075205,2.5,2.5,2,1,0.9530652390076426,0.8386944736113406,14.692620070613163,14.770574287330321
119,11.9,True,30.92072342241081,15.586222912080785,30.929086283845894,15.465886274429511,30.825779483880144,15.493366052717557,0.13280341785706132,97.43303060196614,98.86175485708264,98.91486838341372,97.31982086414365,-0.11320973782250121,2.5,2.5,2,1,0.9207234224108092,0.8257794838801438,14.443154141696363,14.530118383428428
120,12.0,True,30.888871488335795,15.834185518728805,30.79442327507191,16.039709685624135,30.80072400374299,15.80175070630787,0.09392548161612109,97.31982086414365,93.05453421117312,95.38923103329788,97.10002724446062,-0.21979361968303124,2.5,2.5,2,1,0.8888714883357949,0.8007240037429888,14.193674381236487,14.220810171575996
121,12.100000000000001,True,30.85797100118584,16.082268488506852,31.035631711418198,16.124510871244322,30.835313433579486,16.06591845903599,0.027940809464555114,97.10002724446062,92.31621762876075,93.55235395530393,97.40339880958261,0.30337156512200636,2.5,2.5,2,1,0.8579710011858417,0.8353134335794863,13.944151629442546,13.959096565413976
122,12.200000000000001,True,30.82575739551118,16.330184368614272,30.912272985016095,16.544106504781304,30.840659948876812,16.361303633976217,0.03450354725941467,97.40339880958261,92.41347605438287,92.87900504989882,97.45025439836077,0.04685558877815765,2.5,2.5,2,1,0.8257573955111788,0.8406599488768123,13.694733829918674,13.6645800416345
123,12.3,True,30.793341058917115,16.578073822044264,30.84466274518127,16.383640923199803,30.829910616846895,16.565437313328655,0.038691264126405105,97.45025439836077,93.58754329700811,93.3106420308223,97.35603969079358,-0.09421470756717554,2.5,2.5,2,1,0.7933410589171146,0.8299106168468953,13.4453520728264,13.460171849350854
124,12.4,True,30.761332384685765,16.82601624434015,31.007848880856685,17.068368465043374,30.851594260119555,16.86553965459753,0.09853581133373875,97.35603969079358,94.4254110171026,93.9864208163515,97.54604883880944,0.19000914801586077,2.5,2.5,2,1,0.7613323846857654,0.8515942601195547,13.195964344994303,13.16203864714044
125,12.5,True,30.728501640177193,17.073851153533774,30.88731534455421,17.28629737036902,30.845309137838303,17.149239820522084,0.13902317296092975,97.54604883880944,93.75060851602998,93.85011914281604,97.49099064258561,-0.05505819622382546,2.5,2.5,2,1,0.7285016401771927,0.8453091378383029,12.946661293196058,12.878531932210604
126,12.600000000000001,True,30.695909066954215,17.321717496893868,30.523852351375808,17.27190955560224,30.75057031034504,17.371442560113913,0.07389474569459234,97.49099064258561,101.99540488333264,98.7566066522607,96.6594397304526,-0.8315509121330251,2.5,2.5,2,1,0.695909066954215,0.7505703103450401,12.697367312086241,12.650842612382533
127,12.700000000000001,True,30.666917158893682,17.5700307451651,30.798563628396995,17.481743323208992,30.734363695476166,17.591830944718716,0.07088218392198305,96.6594397304526,96.52889178075824,97.41333489046146,96.51689686979951,-0.1425428606530943,2.5,2.5,2,1,0.666917158893682,0.7343636954761656,12.447847772726325,12.429881308430643
128,12.8,True,30.638543104105203,17.818415352205996,30.859294279218574,17.64842789570016,30.728679016430892,17.80078459886075,0.09184403167492766,96.51689686979951,99.73954270049178,98.82134489479797,96.46687883269503,-0.05001803710447916,2.5,2.5,2,1,0.638543104105203,0.7286790164308918,12.198308974082058,12.220958616752604
129,12.9,True,30.6103858947544,18.06682463456391,30.622092032522474,18.107619683742445,30.6883393005794,18.06124493912345,0.0781528405173179,96.46687883269503,93.19760775864816,95.45774283874442,96.11165986703787,-0.3552189656571727,2.5,2.5,2,1,0.6103858947544012,0.6883393005794005,11.948775888883592,11.95858199772563
130,13.0,True,30.583769289764685,18.31540370918368,30.493739113447415,18.296512066378014,30.636256224890023,18.307864730537386,0.053025602852590434,96.11165986703787,92.67997683976601,93.77366039726623,95.65233788013028,-0.4593219869075824,2.5,2.5,2,1,0.5837692897646853,0.6362562248900225,11.699169930513483,11.709434193978927
131,13.100000000000001,True,30.559146297856497,18.56418817065483,30.474723297303974,18.675558468380366,30.594209620331927,18.58116616738775,0.03895752759196913,95.65233788013028,92.12880896191601,92.79141405858371,95.2809925271314,-0.3713453529988726,2.5,2.5,2,1,0.5591462978564969,0.5942096203319274,11.449473209654562,11.43428402523329
132,13.200000000000001,True,30.536136233434718,18.813126992326552,30.57713429022749,18.5820595329806,30.5800485275023,18.781055939115852,0.05437685191624569,95.2809925271314,93.29429429306526,93.07999308004716,95.15582341624628,-0.1251691108851105,2.5,2.5,2,1,0.5361362334347177,0.5800485275022993,11.199712931616343,11.233929060462563
133,13.3,True,30.513670058501102,19.0621154880123,30.28852403914526,18.878821487467587,30.496892957214534,18.999059153524176,0.06525007621955636,95.15582341624628,99.84736019801892,97.13764049663595,94.41985826809666,-0.735965148149603,2.5,2.5,2,1,0.513670058501102,0.4968929572145342,10.949939475932318,11.012157014799127
134,13.4,True,30.49440390995586,19.311372013544194,30.713330972275664,19.348535685196605,30.515538183900905,19.26743053723076,0.048759725960964596,94.41985826809666,97.05809402492862,97.07750590347332,94.58501295692058,0.16515468882391815,2.5,2.5,2,1,0.49440390995586014,0.5155381839009046,10.7000562362553,10.744944247981312
135,13.5,True,30.474419362230723,19.560571969106434,30.64844703293485,19.407762234493283,30.52168373999285,19.49445003993784,0.08127749333128859,94.58501295692058,95.04881051013511,95.8647799958028,94.63943214248727,0.05441918556670089,2.5,2.5,2,1,0.4744193622307229,0.5216837399928487,10.450202454664012,10.518494848976017
136,13.600000000000001,True,30.454198134941567,19.809752831066017,30.28065591063956,19.8852832921964,30.4536474586285,19.771631118818767,0.03812568935854011,94.63943214248727,95.58217760294608,95.69043179996974,94.03652176317941,-0.6029103793078434,2.5,2.5,2,1,0.45419813494156713,0.45364745862849887,10.200364371420829,10.238423999143457
137,13.700000000000001,True,30.436600051988947,20.059132676836267,30.19174135595684,19.913613607463876,30.375750798936604,19.99839334535344,0.08597614777372259,94.03652176317941,98.42596856200333,97.32961006196945,93.345139433823,-0.6913823293564292,2.5,2.5,2,1,0.4366000519889468,0.375750798936604,9.950450378859303,10.008662464943649
138,13.8,True,30.422012418392196,20.308706715842824,30.2463383946353,20.556621251405513,30.33143077258656,20.309187255495612,0.0905829204387638,93.345139433823,93.91614245611339,95.28947799834482,92.95132233082792,-0.3938171029950581,2.5,2.5,2,1,0.42201241839219605,0.33143077258656106,9.700477307886825,9.696478639488976
139,13.9,True,30.409140539345856,20.558375125398012,30.319392437218085,20.789163048004998,30.314265866287634,20.604637230661435,0.1055527639207448,92.95132233082792,93.50272081061718,94.23148321375469,92.79872203655928,-0.15260029426863753,2.5,2.5,2,1,0.4091405393458558,0.3142658662876343,9.45048550359394,9.40061724580821
140,14.0,True,30.396933666410252,20.808076932065752,30.357107850311866,20.970146797755827,30.31852631614755,20.877692742680388,0.10485262830635522,92.79872203655928,89.26384053888899,91.23423134313363,92.83660228940106,0.037880252841773654,2.5,2.5,2,1,0.3969336664102521,0.3185263161475511,9.200489444717148,9.127866602389881
141,14.100000000000001,True,30.38456170951718,21.057770613769225,30.36471606052308,21.23251301181153,30.32758383542706,21.148656715119504,0.10726957422532542,92.83660228940106,89.29053522539228,90.05168927864632,92.91712566734563,0.08052337794458708,2.5,2.5,2,1,0.38456170951717894,0.3275838354270597,8.95049462903565,8.857403068396072
142,14.200000000000001,True,30.37183884593947,21.30744666136367,30.511714180951692,21.110911952342203,30.357706174745495,21.34099538100738,0.036403969355132314,92.91712566734563,93.16960859026499,91.92083691002655,93.18483531508735,0.2677096477417251,2.5,2.5,2,1,0.3718388459394717,0.3577061747454948,8.7005027252675,8.666389946176352
143,14.3,True,30.35794953542748,21.557060537287068,30.29150926243416,21.621267911997435,30.328885003990543,21.596441983020654,0.048945329253321616,93.18483531508735,96.1892597024183,94.4683816967828,92.92869240782052,-0.25614290726684885,2.5,2.5,2,1,0.35794953542747976,0.32888500399054266,8.450523927008792,8.40999124200422
144,14.4,True,30.34517626808189,21.806734011331304,30.11124373118691,21.68275535690562,30.26836076637528,21.812981190686017,0.0770691154245845,92.92869240782052,95.1682856120082,94.87486992067825,92.39042487017012,-0.5382675376503983,2.5,2.5,2,1,0.3451762680818895,0.26836076637528095,8.20053377635396,8.191415902332787
145,14.5,True,30.334749097533425,22.05651646490712,30.494318032787458,21.931745351398813,30.292317618384676,22.03560355721928,0.04730518080201064,92.39042487017012,96.91216303746087,96.09475267638473,92.60353902872534,0.21311415855521432,2.5,2.5,2,1,0.3347490975334253,0.2923176183846756,7.950533795324131,7.9697591110269
146,14.600000000000001,True,30.323392924493245,22.306258406386483,30.145616986051813,22.502676091935736,30.249026417664084,22.328530889632912,0.07763015424391564,92.60353902872534,92.5832926626069,93.99993667864668,92.2183827949642,-0.38515623376113695,2.5,2.5,2,1,0.32339292449324475,0.2490264176640835,7.700535221198002,7.675509915830414
147,14.700000000000001,True,30.313715821763758,22.55607104354234,30.54588651490973,22.496510272505418,30.288514984710332,22.561135932630826,0.025704771729622194,92.2183827949642,96.87047774776808,95.70561483103823,92.56971641192233,0.35133361695812937,2.5,2.5,2,1,0.3137158217637577,0.2885149847103321,7.450536619976695,7.444456965366826
148,14.8,True,30.30250707736381,22.805819645238078,30.276428101639073,22.847957645811604,30.26693449340254,22.817580096030518,0.03746621054394125,92.56971641192233,95.35789206557524,95.49826287279569,92.37773495681685,-0.19198145510546283,2.5,2.5,2,1,0.3025070773638099,0.26693449340254105,7.200537584701407,7.187378499891671
149,14.9,True,30.292135229080742,23.055604402105253,30.36035330870757,23.129808343658926,30.27227639905682,23.079580236462665,0.031132198172519446,92.37773495681685,92.71720668285857,93.82500114466563,92.42526203983672,0.04752708301987241,2.5,2.5,2,1,0.29213522908074196,0.2722763990568211,6.950537620366499,6.925773901957925
150,15.0,True,30.281556186914166,23.305380469547348,30.202028452322615,23.546091013771886,30.248024452960507,23.37262200220939,0.07513854468033945,92.42526203983672,92.29195800340263,92.92402900280082,92.20946593416556,-0.21579610567115992,2.5,2.5,2,1,0.28155618691416606,0.24802445296050735,6.700537630959753,6.632017434752824
151,15.100000000000001,True,30.271917962287667,23.55519460971169,30.501189071316286,23.45512984637439,30.288459639746314,23.58886341724844,0.037512873711468414,92.20946593416556,92.9049571100484,92.92270378463496,92.56922413151769,0.35975819735210735,2.5,2.5,2,1,0.2719179622876666,0.28845963974631417,6.450539194277011,6.417622709887044
152,15.200000000000001,True,30.260711363706616,23.80494330770278,30.16259473692354,24.02414879520881,30.251168051907282,23.875553003614,0.07125169441335895,92.56922413151769,93.82053312282868,93.47385318546715,92.23744164265905,-0.3317824888586358,2.5,2.5,2,1,0.26071136370661563,0.25116805190728186,6.200540124532891,6.129595125441841
153,15.3,True,30.250951163927372,24.05475271204991,30.483430210046873,23.923756783839284,30.27865799317424,24.084292790192386,0.04050042720242033,92.23744164265905,96.77266418065075,95.44052536858403,92.48203487704342,0.24459323438435376,2.5,2.5,2,1,0.2509511639273718,0.2786579931742388,5.950541303239092,5.922266632745412
154,15.4,True,30.24012463064967,24.304518174388456,30.457182358750906,24.26825356097066,30.30525235780364,24.32087733317987,0.06715089664780606,92.48203487704342,90.71186309903433,92.61087190011999,92.71857364763892,0.23653877059550155,2.5,2.5,2,1,0.24012463064967093,0.3052523578036386,5.700541471133778,5.6873203942397055
155,15.5,True,30.22826706573378,24.55423681236781,30.407335352582503,24.52912865309275,30.320126022343153,24.562450772102363,0.09222546852081163,92.71857364763892,90.90249734876728,91.58813709393415,92.85082486083148,0.1322512131925464,2.5,2.5,2,1,0.22826706573378175,0.32012602234315324,5.4505451607218705,5.446964501076856
156,15.600000000000001,True,30.21583312758523,24.80392741527893,30.075380147739367,24.947874073132013,30.268960715991707,24.839523153835096,0.06394995897767787,92.85082486083148,89.9909292353814,90.63488788159982,92.39576270444054,-0.4550621563909374,2.5,2.5,2,1,0.2158331275852312,0.2689607159917067,5.200553263322385,5.167481122031395
157,15.700000000000001,True,30.205382686653543,25.05370889634655,30.0863207969466,25.056696984817165,30.226752591813295,25.08287724377332,0.03615889016750458,92.39576270444054,92.30991898680522,91.62745918578715,92.0201350560196,-0.3756276484209593,2.5,2.468939326142735,2,1,0.2053826866535431,0.22675259181329466,4.950553275145951,4.922348315356837
158,15.8,True,30.196679501842596,25.30044938458447,30.330517879632296,25.425512647990477,30.24247203646598,25.348855320250035,0.06663400659492509,92.0201350560196,91.36321641457654,91.46032346733864,92.16005096210463,0.13991590608503657,2.468939326142735,2.3629842520186526,2,1,0.19667950184259553,0.2424720364659798,4.703664402707481,4.657460630046631
159,15.9,True,30.187773161004284,25.536579905368537,30.148457365013442,25.578925805178525,30.223809340521164,25.583908105379326,0.059485836553200305,92.16005096210463,88.98885646475085,89.95749513531395,91.99393498422313,-0.16611597788150334,2.3629842520186526,2.268703852775311,2,1,0.18777316100428365,0.2238093405211643,4.467368095551729,4.4217596319382775
160,16.0,True,30.179879499406216,25.763312924187037,30.029099530394415,25.883038827784965,30.172563892783213,25.824813056288882,0.06193370930928381,91.99393498422313,96.51462919998124,93.88701478150904,91.5376369563908,-0.4562980278323323,2.268703852775311,2.1715006102076435,2,1,0.17987949940621561,0.17256389278321294,4.240503980975284,4.178751525519109
161,16.1,True,30.17405258015577,25.98038479250113,30.38977806827663,26.141803874017437,30.209720788862807,26.061817505237784,0.08890167498995177,91.5376369563908,90.89647135197994,92.0736605678289,91.86851093009125,0.3308739737004487,2.1715006102076435,2.077505076826457,2,1,0.1740525801557702,0.20972078886280698,4.023381751339917,3.943762692066143
162,16.2,True,30.167278690450235,26.188024836473033,30.382097832976516,26.384192241506888,30.23364747126766,26.292157757405246,0.12348473706926533,91.86851093009125,94.71025957582545,93.63900456067212,92.08150818506468,0.21299725497343047,2.077505076826457,1.9860786109381896,2,1,0.16727869045023525,0.23364747126765906,3.815643695056601,3.715196527345474
163,16.3,True,30.160065018477805,26.386501649791203,30.3276190253115,26.297272625780177,30.249009395969566,26.452029941081733,0.11047650993244348,92.08150818506468,89.6189016390151,91.23784461521372,92.21823131339826,0.13672312833358546,1.9860786109381896,1.9226790062842212,2,1,0.1600650184778054,0.24900939596956562,3.6170417660157033,3.556697515710553
164,16.400000000000002,True,30.152623141520895,26.57862547465272,30.277698737833628,26.702267397982627,30.25073171313264,26.655839328067426,0.1248489927185824,92.21823131339826,91.63603607899132,91.49596135426022,92.2335586133738,0.015327299975524511,1.9226790062842212,1.8414187708047598,2,1,0.15262314152089473,0.250731713132641,3.424776995079099,3.3535469270118994
165,16.5,True,30.14544656558915,26.76262745195899,30.04563942183433,26.684837803655384,30.19841087697469,26.808518307042426,0.07007987486314,92.2335586133738,96.34648789902968,94.40024545109493,91.7678108374173,-0.4657477759565154,1.8414187708047598,1.7790572948909023,2,1,0.14544656558915037,0.19841087697469106,3.2406381652772054,3.197643237227256
166,16.6,True,30.139958311800683,26.94044850711107,30.05478374982061,26.85869645644767,30.157249225319433,26.960334144892443,0.02635174150383185,91.7678108374173,95.42580985143299,95.01285945160353,91.40123209786758,-0.3665787395497091,1.7790572948909023,1.717492231076343,2,1,0.13995831180068308,0.15724922531943264,3.062750996519464,3.0437305776908574
167,16.7,True,30.13575841196406,27.112146371044897,30.37749518060389,27.028930020095622,30.195316927024646,27.111322438796368,0.059564213925580714,91.40123209786758,90.80021445598088,92.49507997589598,91.7402612975085,0.33902919964091893,1.717492231076343,1.6581092697726734,2,1,0.13575841196405847,0.19531692702464554,2.891042879081554,2.8952731744316833
168,16.8,True,30.130722962993374,27.277880820567994,30.072721840430034,27.516158170764673,30.159949423926403,27.32449396862543,0.05501792063041113,91.7402612975085,96.15459639005526,94.69109196805104,91.42528345596557,-0.31497784154294095,1.6581092697726734,1.5721131538889797,2,1,0.13072296299337438,0.15994942392640255,2.72525619347711,2.680282884722449
169,16.900000000000002,True,30.126812595074334,27.43504349650934,29.908625774082658,27.366497460724656,30.102544545964395,27.458460875898897,0.03372405469508095,91.42528345596557,92.31395068778676,93.25454009007248,90.9138688921958,-0.5114145637697902,1.5721131538889797,1.5174427947157438,2,1,0.12681259507433396,0.10254454596439544,2.5680894258316855,2.5436069867893596
170,17.0,True,30.124392373236635,27.586768474277022,29.95318338827756,27.562899004684727,30.074053013538826,27.60073607324173,0.05224121893317831,90.9138688921958,86.77487182773018,89.34832850201991,90.65998138553515,-0.2538875066606465,1.5174427947157438,1.460162589486401,2,1,0.12439237323663477,0.0740530135388262,2.4164353621114496,2.4004064737160022
171,17.1,True,30.12271047131219,27.732775046332094,30.1598930974246,27.91305870387609,30.096241942290284,27.77990565103499,0.05405438861224993,90.65998138553515,86.34491774118928,87.53652674144783,90.85770925190064,0.1977278663654829,1.460162589486401,1.388871772958253,2,1,0.12271047131218893,0.09624194229028404,2.2705432940827395,2.2221794323956323
172,17.2,True,30.120631428688835,27.87164666185871,29.97100775484341,27.893281751449855,30.06775959693138,27.913637487385017,0.06751784965303174,90.85770925190064,94.59578535758169,91.77186515123756,90.60389702485216,-0.25381222704848483,1.388871772958253,1.3349850199395346,2,1,0.12063142868883503,0.06775959693138134,2.1317691886235455,2.0874625498488366
173,17.3,True,30.119224381674492,28.00513774865228,29.883273863976495,27.959088361728877,30.031084506182157,28.029526232999682,0.09145182240156664,90.60389702485216,88.64302304144363,89.88087065092698,90.277043998343,-0.3268530265091556,1.3349850199395346,1.2882875732077488,2,1,0.11922438167449201,0.031084506182157412,1.9984218411130705,1.9707189330193717
174,17.400000000000002,True,30.118601454553964,28.133964999941043,30.07105567827667,28.301346060650673,30.044228400535125,28.186824469687572,0.0912440392901003,90.277043998343,85.28301777516958,87.13595883968631,90.39418722052,0.11714322217699191,1.2882875732077488,1.2254859508095413,2,1,0.1186014545539642,0.044228400535125445,1.8698002370486932,1.813714877023853
175,17.5,True,30.11775834343126,28.25651069476526,29.868231456670948,28.271924801093263,30.01271254824588,28.301814188305624,0.11439853850941617,90.39418722052,88.30451194971515,87.84676456932935,90.1133026862958,-0.28088453422418524,1.2254859508095413,1.2,2,1,0.1177583434312588,0.012712548245879418,1.747461583244561,1.6982333938310692
176,17.6,True,30.117521042994653,28.376510460133794,29.99732262895555,28.269826925568847,30.014937380294107,28.391270166283544,0.10364003463279226,90.1133026862958,86.18525071912866,86.83350322249161,90.13313180340027,0.019829117104478655,1.2,1.2,2,1,0.11752104299465316,0.014937380294107072,1.6277375346171559,1.6087991805130395
177,17.7,True,30.11724221264854,28.49651013619018,30.168759534793804,28.452154389747015,30.043407765890343,28.499419597458758,0.07389174847682618,90.13313180340027,94.40704747618754,91.36928777587183,90.38687350895326,0.2537417055529829,1.2,1.2,2,1,0.11724221264854151,0.04340776589034334,1.5080542122236826,1.501208106369809
178,17.8,True,30.116431952823127,28.6165074006549,30.184996280483627,28.675026808067845,30.06784718464177,28.630462668590503,0.05054927499371933,90.38687350895326,92.96594358003594,92.31531043976558,90.60467757897624,0.21780407002296442,1.2,1.2,2,1,0.11643195282312746,0.06784718464177075,1.3883832943682624,1.3712168838619438
179,17.900000000000002,True,30.115165542572036,28.736500717989976,29.891133754090998,28.709036548054247,30.030828361080804,28.74216281088483,0.08452703400590275,90.60467757897624,90.13532239809511,91.00042168529151,90.2747611127744,-0.329916466201837,1.2,1.2,2,1,0.11516554257203637,0.030828361080804,1.268736985287241,1.2582149189101504
180,18.0,True,30.114590086448718,28.85649933819142,30.2504035019295,28.617275164694792,30.077193535539774,28.813154009799078,0.0572478778063011,90.2747611127744,86.9247798420201,88.53751784652647,90.68796796973692,0.4132068569625176,1.2,1.2,2,1,0.11459008644871815,0.0771935355397737,1.1492278501102324,1.1893537095351985
181,18.1,True,30.11314924432521,28.976490687771193,30.197818000201508,29.01260685111896,30.099932280536684,28.94903457021797,0.030471733178201732,90.68796796973692,92.35923818087453,90.82732485847423,90.89059238771488,0.20262441797797237,1.2,1.2,2,1,0.11314924432521067,0.09993228053668446,1.0297446594716828,1.0557058280080611
182,18.2,True,30.111284067099465,29.096476191536926,30.303223694621853,29.08312517237051,30.135645908258308,29.071725264338703,0.034729061343785735,90.89059238771488,94.37558290958957,92.95243005178169,96.7020217783977,5.811429390682804,1.2,1.2,2,1,0.11128406709946503,0.1356459082583079,0.9103512597068321,0.9381331447583934
183,18.3,True,30.09727937317171,29.215656175376452,30.009465519035498,29.029933272660355,30.10014557021515,29.158816564601697,0.05691183039155844,96.7020217783977,98.2698729979405,96.13776138484879,104.51491131577995,7.8128895373822616,1.2,1.2,2,1,0.09727937317170898,0.10014557021515103,0.7903534093491187,0.8471237850646204
184,18.400000000000002,True,30.067203538271425,29.331826068873223,30.095353977510126,29.49924657992892,30.08194675424675,29.321341782236388,0.01809095585032534,104.51491131577995,103.13867851788574,100.34579288465909,118.97634169057483,14.461430374794872,1.2,1.2,2,1,0.06720353827142489,0.08194675424675069,0.6715450229088216,0.6835877756877017
185,18.5,True,30.019325011663803,29.441860821064896,29.804932274647573,29.551107921639368,29.99852537107557,29.45911529312758,0.02702483773793417,113.51491131577995,111.3940714522143,106.96929897504536,131.31308665229406,17.798175336514106,1.2,1.2,2,1,0.019325011663802627,0.001474628924430732,0.5584736333419492,0.5408867170294782
186,18.6,True,29.95482272157364,29.54305101116811,30.16736797092479,29.553203025482755,29.989367082642467,29.563800698080918,0.04029717593868268,122.51491131577995,122.94857892497656,116.56124991764173,176.1182465747854,53.60333525900543,1.2,2.5,3,2,0.45694898883188984,0.43619930191908196,19.960053913449883,19.9941257922327
187,18.7,True,29.789118985907276,29.730246823050244,29.980412796220808,29.93992652734508,29.863264729686055,29.795699575971764,0.09890224560399914,131.51491131577995,136.34913699451494,128.42995921052375,178.179748984104,46.664837668324054,2.5,2.5,3,2,0.26975317694975587,0.20430042402823645,19.79095745573898,19.864315351525413
188,18.8,True,29.596171461506998,29.889216168610336,29.712961740607906,29.72105705292537,29.687744269726085,29.9180351544467,0.0960005893198904,140.51491131577995,142.17408074265273,136.66046098138486,179.2695134036113,38.75460208783136,2.5,2.5,3,2,0.1107838313896643,0.0819648455533013,19.596484608369906,19.687914888734127
189,18.900000000000002,True,29.380731156779657,30.016044694971683,29.168084038903896,30.052878229854368,29.42354896156262,30.064651949010543,0.06477676706682886,149.51491131577995,147.6357287913881,143.25598518302158,180.57620250118038,31.06129118540042,2.5,2.5,3,2,0.016044694971682816,0.06465194901054261,19.38073779822653,19.423656559379626
190,19.0,True,29.148102927033023,30.10760946289552,29.201293368748917,30.2202731919057,29.200064788020345,30.184923072042327,0.09315271953395104,158.51491131577995,160.3903895325776,153.52966673295373,181.6477052000673,23.132793884287338,2.5,2.5,3,2,0.10760946289552109,0.18492307204232716,19.148405299156252,19.200955299326967
191,19.1,True,28.904014851332285,30.161655843909525,28.792480862919238,30.135603041295763,28.926176316952528,30.229768611743854,0.07162736698001955,167.51491131577995,171.17915998867264,164.1245130078548,182.0469820188133,14.532070703033355,2.5,2.5,3,2,0.16165584390952503,0.22976861174385377,18.904706030807823,18.927570990365282
192,19.200000000000003,True,28.654477188183076,30.176853036743477,28.476919254936696,30.4261712211428,28.637828689612988,30.29352877120128,0.11785753907114373,176.51491131577995,178.89300490830337,172.96947089110037,182.61431127649507,6.099399960715118,2.5,2.5,3,2,0.17685303674347708,0.29352877120128085,18.65531549347392,18.64013995126871
193,19.3,True,28.40473738620529,30.165449909624318,28.19394243764301,29.99225704901836,28.349131359756743,30.238927906030444,0.09214687261787688,182.61431127649507,182.00304742091447,178.38018172554564,182.12850749515033,-0.48580378134474245,2.5,2.5,3,2,0.16544990962431783,0.2389279060304439,18.405481029513396,18.350686859131145
194,19.400000000000002,True,28.15490987670024,30.15616467971312,28.39410841738187,30.043042930589507,28.15821274968312,30.20561469540751,0.049560195945097384,182.12850749515033,178.28071339799413,178.3199087313294,181.83195279727423,-0.296554697876104,2.5,2.5,3,2,0.15616467971312176,0.20561469540751176,18.155581511984074,18.159376852351574
195,19.5,True,27.90503765476543,30.14817263958807,28.108115723984266,30.023694693276216,27.94824138632812,30.173614118973447,0.05013812216525195,181.83195279727423,179.0105895366903,178.74414096936206,181.54699050210067,-0.28496229517355687,2.5,2.5,3,2,0.14817263958806848,0.1736141189734468,17.90565074354156,17.94908105514621
196,19.6,True,27.65512877475453,30.141423440250577,27.690977925116588,30.10959082403525,27.6968082056057,30.16360306469201,0.04721345884851334,181.54699050210067,179.48580927488644,179.19966517711646,181.45782656529997,-0.089163936800702,2.5,2.5,3,2,0.14142344025057696,0.16360306469200836,17.655695190012135,17.697564426461902
197,19.700000000000003,True,27.4052096942261,30.135063158195106,27.292694216405337,30.05325067793018,27.41628711716323,30.13055111519421,0.011961096562186068,181.45782656529997,185.7922163217873,183.14754293190538,181.16339998119312,-0.2944265841068443,2.5,2.5,3,2,0.13506315819510561,0.13055111519420848,17.405733726467375,17.41677641072378
198,19.8,True,27.155261229896677,30.129987216965883,27.0428274610732,30.08095867535381,27.141615547973384,30.12348646615848,0.015115038743306797,181.16339998119312,176.53063147615106,179.1824076222446,181.10045962561966,-0.06294035557345978,2.5,2.5,3,2,0.12998721696588333,0.12348646615847869,17.15575368622931,17.142060334214413
199,19.900000000000002,True,26.905307340374684,30.125185851240605,27.02772954254985,30.182796457905823,26.918954369571946,30.142159896959704,0.021779798759056244,181.10045962561966,177.26528570087737,178.04829092157468,181.26681874506357,0.16635911944391069,2.5,2.5,3,2,0.12518585124060522,0.1421598969597042,16.905770842226538,16.91955160150414
200,20.0,True,26.65536844527187,30.11965876206242,26.63518754229227,30.354300038343254,26.662295253766473,30.178448627459968,0.059196528186900965,181.26681874506357,184.26490120164516,181.75905558479351,181.59004662785625,0.3232278827926791,2.5,2.5,3,2,0.11965876206242143,0.17844862745996792,16.65579827768985,16.66325079437776
201,20.1,True,26.405464707652012,30.112721765332918,26.31650543366595,29.875049905980017,26.393755990186317,30.10204955157052,0.01584267058553471,181.59004662785625,186.31597542527447,184.50790615058693,180.90945828399333,-0.6805883438629223,2.5,2.5,3,2,0.11272176533291756,0.10204955157051998,16.405851958078724,16.39407361142268
202,20.200000000000003,True,26.15549620117143,30.10875367160066,26.184972290164374,30.299113182090128,26.152091539264216,30.135387154989232,0.026850217133419826,180.90945828399333,179.87537178778433,181.74066219786516,181.20648360638208,0.29702532238874824,2.5,2.5,3,2,0.10875367160065963,0.13538715498923182,16.15586224462041,16.152658938221496
203,20.3,True,25.90555162436554,30.10348978279819,25.853512605580935,30.174832497486523,25.892412488491768,30.13944307385009,0.0382789240832611,181.20648360638208,180.66574007229266,181.0981837215564,181.2426161894771,0.036132583095024984,2.5,2.5,3,2,0.10348978279818866,0.1394430738500887,15.905888299950458,15.893024226849146
204,20.400000000000002,True,25.65561041684016,30.09806827186899,25.610333697494205,30.22078737378187,25.636049340801055,30.16029902830395,0.06523268155054716,181.2426161894771,177.0984488389087,178.68577899550738,181.42839743482247,0.18578124534536755,2.5,2.5,3,2,0.09806827186898914,0.1602990283039496,15.655917568441064,15.63687100306325
205,20.5,True,25.405688102413954,30.09183635788948,25.25994758153195,30.231109937141156,25.360835329659505,30.17286865090337,0.09261751311091956,181.42839743482247,181.6492339647812,180.45623941624396,181.54035120778147,0.11195377295899789,2.5,2.5,3,2,0.09183635788948052,0.17286865090337145,15.40596182734104,15.361808018439131
206,20.6,True,25.155778442000237,30.085116117424946,25.064189294847196,30.304181371791568,25.10197663508912,30.185420484854376,0.11382267152162324,181.54035120778147,186.21442555489816,183.9309122058075,181.65213480446258,0.11178359668110716,2.5,2.5,3,2,0.08511611742494551,0.1854204848543759,15.156017449727505,15.103114878824876
207,20.700000000000003,True,24.90588236833637,30.077908318358418,24.83109978947809,30.04125558190532,24.8478307810169,30.153151642093864,0.09503443879493059,181.65213480446258,179.00960319327055,180.98435042924555,181.36473293763703,-0.28740186682554736,2.5,2.5,3,2,0.07790831835841772,0.15315164209386367,14.906085967977997,14.848620620353561
208,20.8,True,24.655953283573865,30.071954110621334,24.413710522330373,30.127654153751912,24.561515547351103,30.13379492405214,0.11288388825985603,181.36473293763703,186.16229343994058,184.08785999161336,181.19229878436414,-0.17243415327288858,2.5,2.5,3,2,0.07195411062133417,0.13379492405213966,14.656129913600482,14.562130205345989
209,20.900000000000002,True,24.406007411237088,30.06675210122033,24.48612723412614,30.08384124600469,24.34673482313698,30.112909822930305,0.07512506221987723,181.19229878436414,182.47317215125656,183.12255131714295,181.0062253007389,-0.18607348362525045,2.5,2.5,3,2,0.06675210122033093,0.11290982293030538,14.406162062660382,14.347179120423828
210,21.0,True,24.156045962983114,30.062361840775168,23.936460336401133,30.17621914301118,24.06474194457401,30.12059135891011,0.10829173818845939,181.0062253007389,180.3116870429439,181.42690638008747,181.0746657665523,0.0684404658134099,2.5,2.5,3,2,0.06236184077516782,0.12059135891011152,14.156183324091115,14.06525891134974
211,21.1,True,23.906089937274032,30.05767300171614,23.95283656917376,30.193501573392385,23.84237976173819,30.137922318097726,0.10246433158187158,181.0746657665523,177.76909856195496,179.21246869419673,181.22906848995055,0.154402723398249,2.5,2.5,3,2,0.05767300171613954,0.1379223180977256,13.906209530949871,13.843066857962093
212,21.200000000000003,True,23.656147454808814,30.05231059002705,23.893265818108947,29.816710922316197,23.652812545116156,30.06357244157975,0.0117452510851504,181.22906848995055,185.35294242008004,182.89684737665416,180.56658215720293,-0.6624863327476191,2.5,2.5,3,2,0.05231059002705152,0.06357244157975117,13.656247643672481,13.652960552473939
213,21.3,True,23.40615967806731,30.049838449286433,23.23834037164816,29.908992037717816,23.36995558794385,30.028784719817722,0.04188073144310469,180.56658215720293,179.91203236451423,181.10921272758637,180.25654719038732,-0.31003496681560705,2.5,2.5,3,2,0.04983844928643322,0.028784719817721793,13.406252316917845,13.369986573803503
214,21.400000000000002,True,23.156162184168185,30.04871905473712,23.067725532628486,29.954792835508496,23.109510731023608,30.014665795529513,0.0577579651923532,180.25654719038732,178.92827936875116,179.80535080133467,180.13071126899857,-0.12583592138875588,2.5,2.5,3,2,0.048719054737119905,0.014665795529513304,13.15625239049599,13.109518934437741
215,21.5,True,22.906162834733074,30.04814871972847,23.028882818177216,29.999791692157057,22.89365536942879,30.001297930526782,0.04849157800235941,180.13071126899857,185.12759874810953,182.97872952770342,180.01156803515394,-0.11914323384462477,2.5,2.5,3,2,0.04814871972847001,0.001297930526781954,12.90625264807166,12.89365543475641
216,21.6,True,22.65616283982854,30.048098244653456,22.58781768639623,30.14946373378456,22.632713360353723,30.021435821308014,0.03550722329740001,180.01156803515394,182.54244902644143,182.72121737051052,180.1910498394739,0.17948180431994842,2.5,2.5,3,2,0.048098244653456135,0.021435821308013914,12.656254235333437,12.632731547028719
217,21.700000000000003,True,22.406164229645796,30.04726463401466,22.643388082954903,30.037972224278473,22.434897341489528,30.029171672962573,0.03395507260862096,180.1910498394739,176.05675622745707,178.731204147355,180.25999590863182,0.06894606915793133,2.5,2.5,3,2,0.047264634014659634,0.029171672962572615,12.40625426301474,12.434931559115505
218,21.8,True,22.156166803577566,30.046130191746144,22.085068956549005,29.91003717064332,22.16504936476203,30.01220525724048,0.03506851970655828,180.25999590863182,177.60270112306293,178.03423025993388,180.10878138249902,-0.1512145261328044,2.5,2.5,3,2,0.04613019174614408,0.01220525724048116,12.156254330631281,12.165055487559496
219,21.900000000000002,True,21.90616725415949,30.045655543708932,22.017595074447208,29.91284590543063,21.93556938157614,29.99024776165656,0.06272565191839945,180.10878138249902,182.3282977850364,180.59749844389586,179.91308151811626,-0.19569986438276032,2.5,2.5,3,2,0.0456555437089321,0.009752238343441633,11.906254789508376,11.935573365723599
220,22.0,True,21.656167541825752,30.046034796985893,21.4955526076332,29.810787051769157,21.647566068197797,29.954484321253403,0.0919536565636059,179.91308151811626,179.51652096751795,179.96312971232746,179.59434024381264,-0.3187412743036191,2.5,2.5,3,2,0.04603479698589297,0.04551567874659668,11.656258446244477,11.647654999614492
221,22.1,True,21.406173807773726,30.047804806795103,21.41689273630882,30.150208479821817,21.40157350494402,29.986091178682862,0.06188485017272738,179.59434024381264,183.63330435639148,182.15998215407637,179.8760353641803,0.2816951203676581,2.5,2.5,3,2,0.047804806795102905,0.013908821317137665,11.406273985517624,11.401581988651923
222,22.200000000000003,True,21.156174392914277,30.048345704135873,21.119997636508916,30.199331195887485,21.145309014526244,30.03324148585683,0.018606285425524238,179.8760353641803,176.40082779059904,178.71007602560567,180.2962679796936,0.4202326155132994,2.5,2.5,3,2,0.04834570413587258,0.03324148585683062,11.156279146392162,11.145358586679118
223,22.3,True,20.90617773512026,30.04705299696809,20.8284256679691,30.12084048382368,20.881975021419095,30.054892708988557,0.025440763256325227,180.2962679796936,178.9146694496622,178.81635014868658,180.48922908458312,0.19296110488951967,2.5,2.5,3,2,0.047052996968091065,0.05489270898855736,10.906279236043636,10.88211347010723
224,22.400000000000002,True,20.65618684865063,30.044918358326637,20.677825924865793,30.13423119516534,20.641153408857537,30.068948602622445,0.028345316243231215,180.48922908458312,181.67663428221138,180.5190505979037,180.61449305031303,0.12526396572991416,2.5,2.5,3,2,0.04491835832663682,0.06894860262244507,10.656281519004152,10.641376780315786
225,22.5,True,20.406201226520096,30.042237177987722,20.20114201506724,30.171124714272022,20.35329535370395,30.081789837769016,0.06605637194255438,180.61449305031303,183.3131210182641,182.17604016215358,180.72892706155196,0.11443401123892727,2.5,2.5,3,2,0.04223717798772242,0.0817898377690156,10.406286943287347,10.353618413800561
226,22.6,True,20.1562214579714,30.03905671947648,20.394743583222315,30.275015622288254,20.161748724230428,30.11234407115508,0.07349548685708977,180.72892706155196,182.41105171864317,182.31851154657554,181.00118448524876,0.27225742369680006,2.5,2.5,3,2,0.039056719476480595,0.1123440711550785,10.156296555865973,10.162369719938477
227,22.700000000000003,True,19.90625962443485,30.034688450363365,20.13930243973399,29.79528642348314,19.95728709948794,30.04560807186091,0.052182768649654494,181.00118448524876,180.07228903329894,180.9524342951984,180.40648318479313,-0.5947013004556254,2.5,2.5,3,2,0.03468845036336532,0.04560807186091154,9.906320357998558,9.957391549891357
228,22.8,True,19.656265915846408,30.032914847759308,19.658375574207078,30.21685447729617,19.69786218940201,30.067906191626452,0.05435663822700193,180.40648318479313,185.100349410339,183.42579636720106,180.6052034305364,0.1987202457432602,2.5,2.5,3,2,0.032914847759307975,0.06790619162645228,9.656322013310248,9.698099932228702
229,22.900000000000002,True,19.40627986228993,30.030274198737146,19.642984492351147,29.920631505961452,19.48688665876245,30.038510484930327,0.0810264897907972,180.6052034305364,177.71858561724503,179.98303172949375,180.3432274004171,-0.2619760301192855,2.5,2.5,3,2,0.030274198737146207,0.03851048493032749,9.406328581058089,9.486964821988883
230,23.0,True,19.156284347960252,30.02877659563913,19.303192131744144,29.984241449237487,19.250153326683396,30.02616359414364,0.09390534033451708,180.3432274004171,180.73170409153818,180.4277409307253,180.2331863713767,-0.11004102904041702,2.5,2.5,3,2,0.02877659563912971,0.026163594143639557,9.156329567744844,9.250190327815446
231,23.1,True,18.90628641843757,30.027759130960163,19.065545756871273,30.064933283439593,19.013387716608186,30.02602213784774,0.10711538271837373,180.2331863713767,183.47082659117336,182.26245171898037,180.23192563789826,-0.00126073347843203,2.5,2.5,3,2,0.027759130960163247,0.026022137847739657,8.906329678189394,9.01342528018963
232,23.200000000000003,True,18.65628846658717,30.02674716722343,18.691965777948614,29.954941417094457,18.749119326443665,30.014335572918046,0.09365690692574458,180.23192563789826,177.31057605677228,179.27530961123227,180.1277681165616,-0.10415752133664569,2.5,2.5,3,2,0.02674716722343007,0.014335572918046324,8.656329789681337,8.74913107096933
233,23.3,True,18.406289088185094,30.02618967410721,18.55398209900864,30.15348358003575,18.51009285416952,30.04154124790617,0.1049328006423854,180.1277681165616,180.77916322667892,180.17874204730379,180.37023856369933,0.2424704471377197,2.5,2.5,3,2,0.026189674107211403,0.04154124790617075,8.406329884864716,8.510194243486147
234,23.400000000000002,True,18.15629430765673,30.02457421486116,18.072455842146276,30.06169130996196,18.222847438084422,30.034954527696808,0.06735777656879229,180.37023856369933,184.96494933342566,183.0429000850009,180.31153533836093,-0.05870322533840522,2.5,2.5,3,2,0.02457421486116118,0.03495452769680796,8.156331327573053,8.222921731903938
235,23.5,True,17.906298003200174,30.02321489221144,18.141858671726197,30.26678055396564,18.006781618621226,30.07405639233827,0.1126135653606283,180.31153533836093,181.46863261656264,182.08125147710686,180.66001149568694,0.34847615732601867,2.5,2.5,3,2,0.023214892211438354,0.07405639233827088,7.9063320855266035,8.007124092802414
236,23.6,True,17.656314590013064,30.02033511247643,17.817723191257723,29.81776968349596,17.769014657624943,30.018569654597727,0.11271389480114499,180.66001149568694,180.61794111213734,181.211723019593,180.16550486963342,-0.49450662605352136,2.5,2.5,3,2,0.02033511247643105,0.018569654597726526,7.656341594916357,7.76903685037361
237,23.700000000000003,True,17.406315633017126,30.01961296225491,17.566211768352364,29.863708189612126,17.528478108902338,29.984497188159498,0.127109354906415,180.16550486963342,180.68129503762896,180.88816983987232,179.86182871621827,-0.30367615341515375,2.5,2.5,3,2,0.019612962254910826,0.015502811840502062,7.406341601908616,7.528494070755231
238,23.8,True,17.15631635995973,30.020215847628982,17.240165985236768,29.854400569665973,17.2708178447912,29.957548217150183,0.13052900803437614,179.86182871621827,179.8234256672119,180.26632529571606,179.6216464789594,-0.240182237258864,2.5,2.5,3,2,0.02021584762898243,0.042451782849816766,7.156344913733732,7.270941774350918
239,23.900000000000002,True,16.90632181074069,30.02186671430053,17.07323724419532,30.146745033421695,17.03132389965981,29.99240940925694,0.12842606843851823,179.6216464789594,181.2239153663266,180.85321472071968,179.93234754932638,0.31070107036697436,2.5,2.5,3,2,0.02186671430052911,0.007590590743060233,6.906356427719818,7.031327996829266
240,24.0,True,16.656321985014355,30.022161903734762,16.845585739703917,29.84173645731689,16.794301126175473,29.96934078045174,0.14774408435006736,179.93234754932638,176.03345733201354,177.97532976914235,179.72674635656338,-0.20560119276299815,2.5,2.5,3,2,0.022161903734762234,0.030659219548258676,6.656358878408119,6.794370300542399
241,24.1,True,16.406324828138658,30.023354193157733,16.621262893973345,30.19781560223325,16.55969354702708,30.01519980823911,0.1535853441148509,179.72674635656338,181.27977506260245,179.9529992838657,180.13547072600963,0.40872436944624724,2.5,2.5,3,2,0.023354193157732794,0.015199808239110268,6.406367396736145,6.559711157137883
242,24.200000000000003,True,16.156325526942787,30.022763091156254,16.04844584502406,30.108716461490353,16.257524273846165,30.028237413423994,0.10134670482608263,180.13547072600963,182.75505670473046,181.62332795773955,180.2516693213315,0.11619859532186183,2.5,2.5,3,2,0.022763091156253523,0.02823741342399444,6.156367610207043,6.25758798494203
243,24.3,True,15.906327938650131,30.02166498011649,15.92371565013784,30.038267442059222,15.99114432331542,30.017891741822858,0.08490027346782017,180.2516693213315,184.84143667152293,183.54074813477283,180.15946290076016,-0.09220642057132977,2.5,2.5,3,2,0.02166498011649054,0.01789174182285791,5.906367673134018,5.99117103888881
244,24.400000000000002,True,15.656328906891842,30.020969192851485,15.72442812191034,30.177151445994475,15.738061988617929,30.039531231350693,0.0838143539120199,180.15946290076016,182.54145283618166,182.9269246540879,180.3523246481735,0.19286174741333184,2.5,2.5,3,2,0.02096919285148502,0.039531231350693474,5.656367775347453,5.738198158261358
245,24.5,True,15.406333633498186,30.01943189625318,15.47277089901458,30.133682567467485,15.485314468180553,30.04721778014657,0.08372590752485393,180.3523246481735,183.34340134953428,183.19409433636454,180.42082924663828,0.0685045984647843,2.5,2.5,3,2,0.01943189625318098,0.04721778014657119,5.406368555258297,5.485517690573322
246,24.6,True,15.156340376831473,30.017595698777182,15.36487233437041,30.189674604883354,15.261253490069217,30.07239573192194,0.11836302193633941,180.42082924663828,179.43580242743667,180.94926637988928,180.64521248633162,0.2243832396933385,2.5,2.5,3,2,0.017595698777181923,0.07239573192194015,5.156370398871477,5.261751555211062
247,24.700000000000003,True,14.906356228160673,30.014780487713107,14.891479433900122,29.881653636295578,14.987330094606445,30.037792072516087,0.08418016442323263,180.64521248633162,177.6449496352794,178.98444796897266,180.33682464826197,-0.308387838069649,2.5,2.494989311783387,3,2,0.014780487713107249,0.03779207251608696,4.906378491354705,4.9874732794584675
248,24.8,True,14.656861608199582,30.01331376701556,14.468082131358969,29.887888161051546,14.683898197423352,30.010404045302895,0.02719271294483116,180.33682464826197,179.42135251806317,179.25571774643174,180.09272781237524,-0.24409683588672237,2.494989311783387,2.3735639009325253,3,2,0.01331376701556053,0.01040404530289507,4.656880639904285,4.683909752331314
249,24.900000000000002,True,14.419505528952557,30.01292962826423,14.313745942889069,30.050381386229322,14.420164235750983,30.026702151070534,0.013788265993097792,180.09272781237524,176.28925863680692,177.49396992624568,180.2379862740581,0.1452584616828574,2.3735639009325253,2.2680979554711946,3,2,0.012929628264231496,0.026702151070534086,4.419524442259514,4.420244888677987
250,25.0,True,14.19269768994999,30.01198754381385,14.383029144312758,29.784773861304224,14.231365128751913,29.983558895655772,0.047993320989447745,180.2379862740581,178.93582102442582,178.34437626664206,179.85346607001276,-0.38452020404534437,2.2680979554711946,2.192558827939744,3,2,0.011987543813848589,0.016441104344227853,4.1927148269967836,4.2313970698493595
251,25.1,True,13.973442524210492,30.01254829002286,13.75258585326349,29.823482261280738,13.960541803168178,29.962415171563503,0.05176638069125076,179.85346607001276,175.16801091749124,176.44652373547143,179.6650223877569,-0.1884436822558655,2.192558827939744,2.0842880543119042,3,2,0.012548290022859732,0.03758482843649702,3.9734623381613607,3.9607201357797606
252,25.200000000000003,True,13.765017280934252,30.013766854224475,13.637166144119124,30.204529418579142,13.729433032287265,30.02099117924239,0.03631018622556366,179.6650223877569,176.53113071763576,176.50904057081362,180.1870869315999,0.5220645438430154,2.0842880543119042,1.991796842571876,3,2,0.013766854224474656,0.020991179242390245,3.765042450226662,3.72949210642969
253,25.3,True,13.565838658510259,30.013116477354433,13.392344889776078,30.197227444983618,13.502747726298303,30.061161515295897,0.07930190034400396,180.1870869315999,179.35023670678245,178.22950839048085,180.54509637290158,0.3580094413016752,1.991796842571876,1.901312662615519,3,2,0.013116477354433442,0.06116151529589686,3.56586278206333,3.5032816565387974
254,25.400000000000002,True,13.375715996668465,30.011307647784825,13.46995066433508,29.80150357400875,13.344235780461627,30.002420921055055,0.03271051703044213,180.54509637290158,185.43628457224392,182.56571241646228,180.02157688593385,-0.5235194869677287,1.901312662615519,1.8376946626897213,3,2,0.011307647784825292,0.002420921055055203,3.375734935249181,3.344236656724303
255,25.5,True,13.19194654343043,30.011238442465483,13.004096767200224,29.94938925289588,13.129198959863603,29.99320287831817,0.06528813688249815,180.02157688593385,177.39439721940983,179.4589390115629,179.93941947376547,-0.08215741216838524,1.8376946626897213,1.751682536829502,3,2,0.011238442465483445,0.006797121681831442,3.191966327940587,3.129206342073755
256,25.6,True,13.016778387661793,30.01142365301852,13.020410915236656,29.787516479397365,12.967310109623421,29.953036242912553,0.0765258138863235,179.93941947376547,179.71988141709696,179.60313677112669,179.58143465731166,-0.35798481645380775,1.751682536829502,1.6870726940606882,3,2,0.011423653018521662,0.04696375708744682,3.016800016592345,2.9676817351517206
257,25.700000000000003,True,12.848075620023995,30.012656106587304,12.7469099412599,29.953934466063135,12.788357057032293,29.958219898745668,0.08080598672110646,179.58143465731166,176.73644085693758,177.87520677736535,179.62763270300454,0.04619804569287567,1.6870726940606882,1.615468020473029,3,2,0.012656106587304095,0.04178010125433218,2.848103740106566,2.7886700511825726
258,25.8,True,12.686532229628027,30.01370599757517,12.470591883269872,29.78979202694973,12.595888020466527,29.933643704034548,0.12093942079197459,179.62763270300454,174.68714341024528,175.95812059789074,179.40860878231365,-0.21902392069088705,1.615468020473029,1.5386943937706319,3,2,0.013705997575168993,0.066356295965452,2.686567191640601,2.5967359844265796
259,25.900000000000002,True,12.532670986648176,30.015294167247113,12.542119205382921,30.10574253612989,12.462413545315327,29.977662512734067,0.07970100052087162,179.40860878231365,175.21421972057678,175.52751063264847,179.80091399641202,0.3923052140983714,1.5386943937706319,1.485005943656362,3,2,0.015294167247112966,0.022337487265932765,2.532717165054406,2.462514859140905
260,26.0,True,12.384171288748806,30.01581016215324,12.609107904550118,30.257463994638755,12.373084725756508,30.039238144694433,0.025918762411285358,179.80091399641202,178.471694986778,177.2907940814313,180.34971255957083,0.5487985631588117,1.485005943656362,1.4493636392968,3,2,0.01581016215324027,0.03923814469443343,2.3842237091601652,2.3734090982419995
261,26.1,True,12.23923762456703,30.01492552889538,12.223575339699124,29.98652446919625,12.22728912010577,30.025112750595294,0.015701791134262157,180.34971255957083,184.75102839132,181.77063843190652,180.22382069143507,-0.12589186813576703,1.4493636392968,1.3909722756435463,3,2,0.014925528895378903,0.025112750595294386,2.2392873667060695,2.2274306891088655
262,26.200000000000003,True,12.100141458314804,30.014382159754867,11.984092653913606,29.89424185613298,12.067389293165691,29.996979383421348,0.03708855545945712,180.22382069143507,180.5307560923202,181.00881791440273,179.97307822263932,-0.2507424687957496,1.3909722756435463,1.3269565999369641,3,2,0.014382159754866564,0.0030206165786523798,2.100190703591425,2.0673914998424103
263,26.3,True,11.967445812969464,30.014444509947392,12.088705056077897,29.97301854379074,11.965589903109384,29.98772117866738,0.02678769934335719,179.97307822263932,183.358598741543,182.4111621645684,179.89056296690035,-0.08251525573896856,1.3269565999369641,1.2862513019801114,3,2,0.014444509947391992,0.012278821332621703,1.9674988362991972,1.9656282549502784
264,26.400000000000002,True,11.83882091739903,30.01469018849809,11.999685569047356,29.81430100245593,11.869545495569279,29.950294257213073,0.07135009229008946,179.89056296690035,180.93239700376245,181.5274466589675,179.55699760677786,-0.33356536012249194,1.2862513019801114,1.2480824575801124,3,2,0.014690188498089896,0.04970574278692652,1.8388795958143422,1.870206143950281
265,26.5,True,11.714016402235124,30.01565517756266,11.63351984281929,30.035124921933566,11.722493919648672,29.967434173749496,0.04896053012627878,179.55699760677786,178.82666553976313,179.9002763063078,179.7097537982524,0.15275619147453767,1.2480824575801124,1.2,3,2,0.015655177562660327,0.032565826250504415,1.7140878949795888,1.7228017402667155
266,26.6,True,11.594017941942347,30.016263065186163,11.63441506960624,30.073895873807025,11.608879193627546,29.989174224028414,0.030897606977249317,179.7097537982524,179.58894923176163,179.73279164838726,179.903513448722,0.19375965046961596,1.2,1.2,3,2,0.016263065186162606,0.010825775971586182,1.5941009022403085,1.6089156152865847
267,26.700000000000003,True,11.474018112095285,30.016465146051093,11.417245767523083,30.09488800259659,11.474630345799678,30.01418204388137,0.0023637651376969366,179.903513448722,176.3071020548912,177.69258610769757,180.1263997686082,0.2228863198861859,1.2,1.2,3,2,0.01646514605109317,0.014182043881369566,1.4741100690991267,1.474698541099818
268,26.8,True,11.354018404105718,30.01620041520951,11.449882577206061,29.872051842061058,11.373735987033044,29.989010905100834,0.03358649336334211,180.1263997686082,178.29733035265465,178.05700132559272,179.90205784409355,-0.22434192451464696,1.2,1.2,3,2,0.016200415209510766,0.010989094899166219,1.3541153171388156,1.3737799395377535
269,26.900000000000002,True,11.234018579431263,30.01640554468126,11.03954742361459,29.913812427585707,11.210908331514254,29.97258165048982,0.04954409410704959,179.90205784409355,182.67196052137655,180.8293609649096,179.75563059382338,-0.14642725027016468,1.2,1.2,3,2,0.016405544681258988,0.027418349510181628,1.2341276256035438,1.2112187057755084
270,27.0,True,11.114019670869071,30.01691734921705,11.030351446898507,29.79202764413736,11.078902523749118,29.931969945588808,0.09191994019266891,179.75563059382338,183.9367681388724,182.68726409403897,179.39369274388466,-0.3619378499387267,1.2,1.2,3,2,0.01691734921704935,0.06803005441119225,1.1141481157313715,1.0810452090710203
271,27.1,True,10.994026389603336,30.01818717246537,10.880573159423722,29.867921721709035,10.943274485665878,29.91646533390353,0.11367976158348507,179.39369274388466,180.86459354149446,181.6086512293834,184.0680578045089,4.67436506062424,1.2,1.2,3,2,0.01818717246537105,0.08353466609646887,0.9941927561947574,0.9469661006330031
272,27.200000000000003,True,10.874328731103446,30.00967420884254,11.094442965578764,29.985640897965276,10.877776134614864,29.92313279921072,0.08661004659987823,184.0680578045089,186.0461677438658,184.28185904068735,190.09418782295108,6.026130018442188,1.2,1.2,3,2,0.00967420884254011,0.07686720078928033,0.874382250706001,0.8811353522907769
273,27.3,True,10.756186215376069,29.988642186172186,10.84979363145694,29.790788581986106,10.776825335864455,29.885548298778176,0.10513954019560376,190.09418782295108,188.2430940589383,186.64908315782884,198.5300958121647,8.435907989213604,1.2,1.2,3,2,0.011357813827814311,0.11445170122182446,0.7562715069733417,0.7852113055436053
274,27.400000000000002,True,10.642407392962111,29.95050585742789,10.80811689033571,30.04608001955907,10.689605780910647,29.895793979712668,0.0722570231054789,198.5300958121647,197.5015207661918,193.1625957087675,206.5831967244191,8.053100912254422,1.2,1.2,3,2,0.0494941425721116,0.10420602028733228,0.6443112048391871,0.6974346046257718
275,27.5,True,10.535093131305526,29.89680623689755,10.379195011091786,29.975227676434336,10.537344457091576,29.87876085690344,0.018185274452885012,206.5831967244191,204.65867190008657,200.05458554466387,219.82815325456517,13.244956530146055,1.2,1.2,3,2,0.10319376310244976,0.12123914309655959,0.5449528529272947,0.5508520630675978
276,27.6,True,10.437500557698268,29.82698009869192,10.274395039942632,29.613370064962883,10.400075676346042,29.78045566733497,0.05970883064770046,215.5831967244191,213.47264192363923,208.1066919979378,266.4388475880032,50.85565086358412,1.2,2.5,4,3,0.437500557698268,0.4000756763460416,19.831806437435592,19.784501180323144
277,27.700000000000003,True,10.259442573313814,29.65149404740309,10.337129477996605,29.56132984857087,10.229157674997762,29.614433927421494,0.047860501032312416,224.5831967244191,224.03473835913428,217.66060562504555,267.958456134308,43.37525940988888,2.5,2.5,4,3,0.25944257331381415,0.22915767499776152,19.653206576636975,19.615772519408807
278,27.8,True,10.111028844742808,29.45031411507471,10.217711421754863,29.258418874265196,10.085856629647193,29.40140118170297,0.055010139645781886,233.5831967244191,230.1842472997518,225.16569137270616,269.23483309947477,35.65163637505566,2.5,2.5,4,3,0.11102884474280827,0.08585662964719276,19.450631007230573,19.40159115057937
279,27.900000000000002,True,9.995913810539594,29.228394019318618,10.189238265915618,29.377754740694286,9.987101104661939,29.236247354633964,0.011804179787741658,242.5831967244191,238.75673384166564,233.33328551141108,270.114963531113,27.531766806693895,2.5,2.5,4,3,0.00408618946040562,0.012898895338061322,19.22839445349279,19.23625167932056
280,28.0,True,9.916931984891152,28.991198169402903,9.890203667126467,29.06835253023432,9.8892802543441,29.01869297672177,0.03899464875785292,251.5831967244191,255.93063886827682,246.9081163146023,270.98671175343276,19.403515029013647,2.5,2.5,4,3,0.08306801510884831,0.11071974565589926,18.991379839407834,19.019015258548063
281,28.1,True,9.876028162470595,28.744567114360382,9.96834064658005,28.688856738490685,9.85440832425264,28.759254461755432,0.02613686243743543,260.5831967244191,260.91382983240493,255.3200145880381,271.2973897667036,10.714193042284478,2.5,2.5,4,3,0.123971837529405,0.14559167574735987,18.744977069104703,18.75981942602162
282,28.200000000000003,True,9.874209531137922,28.494573729287744,9.669969489665188,28.33831251169382,9.8005177277469,28.475790122903334,0.07604804899420771,269.5831967244191,271.64849197507584,265.12316156825256,271.7773507006189,2.1941539761998,2.5,2.5,4,3,0.12579046886207834,0.19948227225309978,18.495001505004453,18.476866992066476
283,28.3,True,9.881963442849374,28.24469400451366,9.911103213484344,28.07234286328773,9.825794819758414,28.195125636457252,0.07491286492792769,271.7773507006189,274.7646147062019,270.9053095144115,271.55225458766813,-0.22509611295078003,2.5,2.5,4,3,0.11803655715062611,0.17420518024158582,18.245075827388625,18.19595956170729
284,28.400000000000002,True,9.888735602692957,27.994785745644425,10.13560525347284,27.999977128166442,9.891543188637769,27.956131777841943,0.03875579654339206,271.55225458766813,271.17864862982486,271.08475473461914,270.96654881103217,-0.5857057766359617,2.5,2.5,4,3,0.11126439730704263,0.10845681136223106,17.99512972439365,17.95645931978674
285,28.5,True,9.892952767450577,27.74482131713227,10.141053567969626,27.710314642109722,9.938854749890705,27.706985128314123,0.05948587375349147,270.96654881103217,268.0211487428438,269.2578514768253,270.54495141966726,-0.42159739136491226,2.5,2.5,4,3,0.10704723254942294,0.061145250109294835,17.745144200229774,17.70709070050607
286,28.6,True,9.895330530734475,27.494832624904472,9.823942607189515,27.268644239715744,9.912895534164583,27.419339104976366,0.07751000513891759,270.54495141966726,269.050012257626,269.14718179903497,270.7762864488409,0.23133502917363558,2.5,2.5,4,3,0.10466946926552545,0.08710446583541653,17.49514573449499,17.41955688420711
287,28.700000000000003,True,9.89871761572282,27.244855570646923,10.09101635067024,27.23977447764712,9.946633124372402,27.183435077603548,0.07789976209745128,270.7762864488409,269.65776577170135,269.4595286047528,270.4756307891437,-0.3006556596972132,2.5,2.5,4,3,0.10128238427718017,0.053366875627597565,17.24515299363381,17.183517948593366
288,28.8,True,9.90079292271065,26.99486418459351,10.090353463957985,26.909006164955073,9.972785076784824,26.92856609343629,0.09786882618755784,270.4756307891437,269.094232490413,269.2573928167616,270.24255636609064,-0.23307442305303994,2.5,2.5,4,3,0.09920707728934985,0.027214923215176157,16.995153741492413,16.928587969227866
289,28.900000000000002,True,9.901851271351891,26.74486642480724,9.895527006460165,26.81575141366344,9.950137311702731,26.706132660883203,0.061901907567423836,270.24255636609064,267.07499826630345,267.93800951270475,270.44440111394783,0.2018447478571943,2.5,2.5,4,3,0.09814872864810908,0.04986268829726903,16.745154067895943,16.706207073142387
290,29.0,True,9.90379031756919,26.4948739447208,9.876298062491562,26.437314997614124,9.935998833688105,26.45237011850408,0.053328826666668355,270.44440111394783,271.6910526740673,270.1803020449125,270.5704028660174,0.12600175206955555,2.5,2.5,4,3,0.09620968243081052,0.06400116631189512,16.49515452353274,16.452494603115216
291,29.1,True,9.906279128476347,26.24488633338722,9.985210092066058,26.24399088695539,9.93922027446389,26.21080389007697,0.047399705072595756,270.5704028660174,266.7008103467966,268.10293079191933,270.54169391022236,-0.028708955795025304,2.5,2.5,4,3,0.0937208715236526,0.06077972553610955,16.24515668088277,16.21091783143604
292,29.200000000000003,True,9.908642678832997,25.99489750637747,9.930434965922494,26.173492092671207,9.942408650646708,26.003402683334798,0.03482066753524122,270.54169391022236,273.64230004519874,271.4169080109737,270.513279352809,-0.0284145574133845,2.5,2.5,4,3,0.09135732116700268,0.05759134935329158,15.995158404956515,16.003506309821226
293,29.3,True,9.910882252549483,25.744907537959598,9.720852882802173,25.942452164992048,9.896818529247954,25.79121666910483,0.048397561307655816,270.513279352809,268.43818692494875,269.633600208798,270.91954414394763,0.40626479113865344,2.5,2.5,4,3,0.08911774745051737,0.10318147075204642,15.74515974361034,15.791553764798472
294,29.400000000000002,True,9.914894348542209,25.49493973386126,10.122035641406677,25.554995232846554,9.947704954889435,25.544057751789513,0.05906873601214914,270.91954414394763,273.02840637112695,271.6741353261524,270.4660785553076,-0.4534655886400287,2.5,2.5,4,3,0.08510565145779125,0.05229504511056504,15.495173452656232,15.544145719939413
295,29.5,True,9.91692797745465,25.2449480052912,9.681522552502837,25.008541129357972,9.891074015156631,25.236983235262045,0.027053002201690886,270.4660785553076,267.26722330932523,269.0275123619032,270.9707292076068,0.5046506522991763,2.5,2.5,4,3,0.08307202254535007,0.1089259848433688,15.245174339605365,15.237372574752863
296,29.6,True,9.921163380026739,24.99498388513582,9.958596589870064,25.12692295063347,9.900369628260785,25.01501547037751,0.02887290286408985,270.9707292076068,268.61813113618757,268.79414942404935,270.8879022202867,-0.08282698732006111,2.5,2.5,4,3,0.07883661997326108,0.09963037173921485,14.99519112676233,15.015346009554653
297,29.700000000000003,True,9.92503742925765,24.745013903452907,10.012981717407198,24.70214224700827,9.927705059165614,24.752498746827968,0.007946013445436098,270.8879022202867,273.1160847646005,271.3789598005909,270.64431428169684,-0.24358793858988292,2.5,2.5,4,3,0.07496257074235047,0.07229494083438581,14.745204454331308,14.752675887229103
298,29.8,True,9.927848721412815,24.49502971067981,10.12003471795431,24.48694419228817,9.977291551349525,24.49969724241143,0.049662654828514265,270.64431428169684,274.4185578155755,273.1874497568613,270.20239222193374,-0.44192205976310106,2.5,2.5,4,3,0.07215127858718517,0.022708448650474722,14.495209281707254,14.499715024621475
299,29.900000000000002,True,9.92873182223956,24.245031270418814,10.079533569382347,24.140211018310467,9.996047628289178,24.227807157643273,0.06948444289921452,270.20239222193374,267.0628890784105,269.5151783365481,270.0352262072655,-0.16716601466822567,2.5,2.5,4,3,0.07126817776043914,0.003952371710822078,14.24520954736613,14.227807706611982
300,30.0,True,9.92888552555482,23.995031317668236,10.083197040548297,23.825098755381344,10.009689456641802,23.94730135379336,0.093847880799763,270.0352262072655,268.5028770716377,268.91473754441745,269.91364106985327,-0.12158513741223942,2.5,2.5,4,3,0.07111447444517971,0.009689456641801542,13.995211997357893,13.947304719518252
301,30.1,True,9.928508713780104,23.745031601642623,9.817760077776665,23.695449039881684,9.964558113626225,23.697044676699786,0.06001919855125489,269.91364106985327,267.5175181809466,268.0671994251459,270.31587887852527,0.4022378086719982,2.5,2.5,4,3,0.07149128621989576,0.03544188637377488,13.74521752225696,13.697090530576912
302,30.200000000000003,True,9.929886988415014,23.49503540095343,9.947477637306136,23.560700420416925,9.966397468162736,23.469844886748387,0.044357379739151895,270.31587887852527,273.7705515738231,271.5057487840162,270.2994857788559,-0.01639309966935798,2.5,2.5,4,3,0.0701130115849864,0.03360253183726414,13.495217534644627,13.46988679994036
303,30.3,True,9.93119373569056,23.24503881615364,10.147339696323147,23.329553949245035,10.00479909696909,23.241798945072023,0.07367663112255209,270.2994857788559,270.0859125706582,270.63404321656503,269.9572272076653,-0.3422585711905981,2.5,2.5,4,3,0.06880626430944048,0.004799096969090755,13.245217534771744,13.241799814717117
304,30.400000000000002,True,9.931007104193766,22.99503888581628,9.96450717450224,23.148677409216415,9.997453409808076,23.02317590774865,0.07215818410279547,269.9572272076653,269.88952371028535,270.2041731781859,270.02269693416895,0.06546972650363614,2.5,2.5,4,3,0.06899289580623424,0.0025465901919243805,12.995222032098912,13.023176156732525
305,30.5,True,9.931106138249014,22.74503890543177,10.081969817967561,22.990584125274175,10.02046402677232,22.816750821864428,0.114575002508349,270.02269693416895,272.80183705719304,271.7498947244475,269.81761135915065,-0.20508557501830182,2.5,2.5,4,3,0.06889386175098622,0.020464026772319954,12.745225108453612,12.816767158927178
306,30.6,True,9.930310319017794,22.495040172091475,9.734366911552108,22.713448276812077,9.967656345695111,22.596138977442518,0.10777612978758801,269.81761135915065,270.97234472744424,271.2639734945814,270.2882661054673,0.4706547463166544,2.5,2.5,4,3,0.06968968098220607,0.0323436543048885,12.495234513758241,12.596180502478536
307,30.700000000000003,True,9.931568111876958,22.245043336197252,9.907076869272549,22.316299908471894,9.966435324760333,22.340468129838428,0.10159534327770889,270.2882661054673,274.35379510630224,273.12269730507467,270.29914838444427,0.010882278976964699,2.5,2.5,4,3,0.06843188812304213,0.033564675239667,12.245234551802625,12.340513775811033
308,30.8,True,9.932873387011753,21.99504674370683,10.019325162138157,21.898291404157074,9.98436368411565,22.05216790099515,0.07690303833922742,270.29914838444427,271.453786194291,272.1062064884387,270.1393611551983,-0.15978722924597832,2.5,2.5,4,3,0.06712661298824685,0.015636315884350438,11.995234569022946,12.052178044160827
309,30.900000000000002,True,9.933481464164073,21.74504748322357,10.000329919566186,21.65571028188041,10.00004142428562,21.773266413912502,0.07229478778313594,270.1393611551983,274.59075377905395,273.57887060183356,269.9996307987301,-0.13973035646819199,2.5,2.5,4,3,0.06651853583592704,4.1424285619484635e-05,11.745235846877918,11.773266413985377
310,31.0,True,9.933479853219632,21.49504748322876,10.002607431292644,21.52629154709407,10.012606527661347,21.52423489164356,0.08433822038777855,269.9996307987301,273.3475195659459,273.4547085408129,269.88764223724525,-0.11198856148484992,2.5,2.5,4,3,0.066520146780368,0.0126065276613474,11.495239952763558,11.524241786873205
311,31.1,True,9.932989600308789,21.245047963925057,9.866276991227911,20.996822485992958,9.98344445826923,21.21875243746921,0.056895934858286666,269.88764223724525,267.7611592723726,270.0297473668983,270.14755386671106,0.2599116294658188,2.5,2.5,4,3,0.06701039969121148,0.016555541730770784,11.245247623091359,11.218764652990245
312,31.200000000000003,True,9.933633424796668,20.995048792946374,9.859716812857705,21.00330154106989,9.96863409015892,20.975909179173126,0.03989199658063631,270.14755386671106,274.74128683628646,272.8473858577298,270.27955199903755,0.13199813232648694,2.5,2.5,4,3,0.06636657520333245,0.0313659098410799,10.995249086836356,10.975953996339317
313,31.3,True,9.934853195660517,20.745051768646004,9.843110887111568,20.595471733324526,9.938170938875341,20.699893486982035,0.04527999362722896,270.27955199903755,265.5388036590242,268.46471605051056,270.55104544874337,0.27149344970581524,2.5,2.5,4,3,0.0651468043394825,0.06182906112465858,10.745249258020879,10.700072124315804
314,31.400000000000002,True,9.937257547946233,20.495063330733196,9.881686440755095,20.599464839647613,9.92703416997425,20.479807821619783,0.018364313639976586,270.55104544874337,271.11665706401396,270.0458740778805,270.65029293707903,0.09924748833566355,2.5,2.5,4,3,0.06274245205376694,0.07296583002574941,10.495250875104905,10.480061831422299
315,31.5,True,9.94009492524192,20.245079432671577,9.818134633456237,20.456378713877523,9.900946131334322,20.275168405444006,0.049375847809628295,270.65029293707903,267.88458855525585,268.7657158203632,270.8827652614299,0.23247232435085152,2.5,2.5,4,3,0.05990507475807938,0.09905386866567767,10.245254569786537,10.275645840001122
316,31.6,True,9.94394656293724,19.995109104658304,10.015989751499644,20.231326219781902,9.925498424957036,20.066405924917984,0.07364489374069086,270.8827652614299,271.5557263850716,270.4422045044305,270.6639787356021,-0.21878652582779523,2.5,2.5,4,3,0.05605343706275967,0.07450157504296406,9.995266279686094,10.066681614609045
317,31.700000000000003,True,9.94684365186652,19.745125891470426,9.88136687502883,19.690908542743628,9.9286041669921,19.791662700435307,0.04998353125898522,270.6639787356021,275.4275691644645,273.4203121713289,270.6363018250028,-0.027676910599268467,2.5,2.5,4,3,0.05315634813348069,0.07139583300789987,9.745270865294312,9.79192298805842
318,31.8,True,9.94961998526723,19.49514130800007,9.85793850929546,19.71709595968357,9.92521260887535,19.577038014098047,0.0854563660123316,270.6363018250028,272.8389005158109,273.07871543408555,270.6665257785638,0.0302239535610056,2.5,2.5,4,3,0.050380014732770206,0.07478739112464972,9.495274962041579,9.577330018191411
319,31.900000000000002,True,9.952528187018865,19.245158223847216,9.741532386811613,19.155281884031425,9.892496195747508,19.29272718575382,0.07659403444705122,270.6665257785638,269.8787199196465,271.15161707790617,270.9580573624305,0.29153158386668565,2.5,2.5,4,3,0.047471812981134676,0.10750380425249162,9.245280101597654,9.293348998976464
320,32.0,True,9.956708306068043,18.995193173080644,10.055422242605971,18.918869597529945,9.926599017723143,19.01796142606197,0.0377486766451216,270.9580573624305,269.93591795393564,270.4347681580075,270.6541708058945,-0.3038865565359856,2.5,2.5,4,3,0.0432916939319572,0.07340098227685665,8.995297348715056,9.018260141853352
321,32.1,True,9.959562602662112,18.745209467629763,9.913921561506493,18.512527687644656,9.916270857465973,18.71702655026708,0.051657061794099096,270.6541708058945,265.9587571706429,267.7669995265391,270.7462085939289,0.0920377880343608,2.5,2.5,4,3,0.04043739733788776,0.08372914253402719,8.745302957349432,8.717428660297179
322,32.2,True,9.962818459835281,18.495230669740685,10.12988716009299,18.67723272973864,9.967556824847748,18.50925117010734,0.01479954504445121,270.7462085939289,275.60837156277955,272.453784840821,270.2891530800946,-0.4570555138342911,2.5,2.5,4,3,0.03718154016471864,0.03244317515225248,8.49531203659005,8.509313017840341
323,32.300000000000004,True,9.964080122802219,18.24523385334784,10.19472594622215,18.08008826096257,10.01761797453049,18.223472125795126,0.05779164605509052,270.2891530800946,270.6065725422763,271.32574937918116,269.8429770800264,-0.446176000068192,2.5,2.5,4,3,0.03591987719778089,0.017617974530489633,8.24531209439468,8.223490998156196
324,32.4,True,9.96339498192121,17.99523479218566,9.894501533911697,18.049041229740205,9.98647189052643,17.98869234204937,0.02398639957474831,269.8429770800264,266.01157990759924,268.13102519800555,270.12057148965204,0.2775944096256353,2.5,2.5,4,3,0.0366050180787898,0.013528109473570638,7.995318587118628,7.98870379634044
325,32.5,True,9.963921073902537,17.745235345731817,10.046233891757412,17.839279108346158,9.989845921179679,17.75899375106221,0.029349470584297366,270.12057148965204,267.17260936536303,267.54172399008957,270.0904999475982,-0.030071542053860867,2.5,2.5,4,3,0.03607892609746344,0.010154078820320933,7.745319376867672,7.75900039530474
326,32.6,True,9.964315954252957,17.495235657592993,10.08668059046951,17.35915476138892,9.997892075299355,17.47934661031484,0.037145897861402995,270.0904999475982,266.2514486955847,266.75510114866745,270.01878725092996,-0.07171269666821445,2.5,2.5,4,3,0.035684045747043314,0.0021079247006454693,7.495320601146714,7.4793469073559224
327,32.7,True,9.96439792909802,17.245235671032745,9.966142440301386,17.292691508980127,9.990668091405057,17.242017499995654,0.02646654591105641,270.01878725092996,271.75126094025717,269.7496003473117,270.0831722269356,0.06438497600561277,2.5,2.5,4,3,0.0356020709019802,0.009331908594942817,7.24532314229378,7.242023512441901
328,32.800000000000004,True,9.964760836272125,16.995235934436117,10.153870229303335,16.857931067658527,10.020906140816537,16.96521464260088,0.06366767771672834,270.0831722269356,269.01520319280496,269.31175279948485,269.8136709803581,-0.26950124657747665,2.5,2.5,4,3,0.03523916372787461,0.02090614081653719,6.995324694185865,6.9652460174946835
329,32.9,True,9.963947823983986,16.745237256417575,10.127886842896073,16.69457472002453,10.03319340264205,16.71129419493741,0.07711732351642174,269.8136709803581,266.07522825308536,267.3895955156733,269.7041605590181,-0.10951042134001909,2.5,2.5,4,3,0.03605217601601396,0.033193402642050174,6.745333602184489,6.711376280091851
330,33.0,True,9.962656986644115,16.495240588961863,10.021218195556443,16.53593045578744,10.016906133434002,16.47670451547753,0.05732849158705804,269.7041605590181,265.0915282541869,266.0169625820733,269.8493214439102,0.14516088489210688,2.5,2.5,4,3,0.03734301335588519,0.016906133434002157,6.495347935957253,6.47672658046908
331,33.1,True,9.96199952817297,16.24524145346664,10.04305307160511,16.061648936641827,10.010729182759233,16.19401892601287,0.07069884408424733,269.8493214439102,267.18875918225973,266.73055076389795,269.9043743503864,0.055052906476191765,2.5,2.5,4,3,0.03800047182702926,0.010729182759233069,6.2453570632876705,6.194028218467229
332,33.2,True,9.961582282757899,15.995241801654355,9.982928562195877,16.210547869745945,9.997429172734197,15.997474535459933,0.03591635590116849,269.9043743503864,268.51367104522643,267.7821321846991,270.0229129513411,0.11853860095470736,2.5,2.5,4,3,0.03841771724210119,0.002570827265802933,5.995364891422527,5.997475086454563
333,33.300000000000004,True,9.961682259365796,15.745241821645001,10.027541636070154,15.825379992896258,9.99212633482135,15.763376542195557,0.03543599610269506,270.0229129513411,266.0683662900088,266.7537953341038,270.0701753979818,0.04726244664072965,2.5,2.5,4,3,0.0383177406342039,0.007873665178649958,5.745369599810449,5.763381920516231
334,33.4,True,9.961988457226411,15.49524200915933,9.999720345298625,15.515083642330891,9.998137622436252,15.513768424654122,0.040620071595874954,270.0701753979818,274.30536947229564,271.2871105519739,270.0165987688654,-0.053576629116435015,2.5,2.5,4,3,0.03801154277358876,0.0018623775637482964,5.495373473806262,5.513768739180398
335,33.5,True,9.962060883017518,15.245242019650322,9.927912844858856,15.392060275241626,9.987199553658174,15.289450928090663,0.050856468094686164,270.0165987688654,270.64683304132,270.89009328918826,270.1140860905327,0.09748732166730179,2.5,2.5,4,3,0.03793911698248209,0.012800446341826088,5.245379225690245,5.289466416577926
336,33.6,True,9.962558677166207,14.995242515248842,9.77688116211006,14.774704278732296,9.951590274923642,14.986605773534917,0.013960628753310167,270.1140860905327,272.48435492366076,271.8493703837769,270.4314520788984,0.3173659883657365,2.5,2.4947362990484225,4,3,0.03744132283379287,0.048409725076357546,4.9953828320565306,4.986840747621057
337,33.7,True,9.964437260543985,14.745775958487437,9.963397756098416,14.693071170193775,9.961981201143136,14.728481533795405,0.017467952175595103,270.4314520788984,272.62405732035825,272.305737923403,270.33884531660846,-0.0926067622899609,2.4947362990484225,2.3914537496649784,4,3,0.03556273945601518,0.03801879885686432,4.745909202312553,4.7286343741624455
338,33.800000000000004,True,9.965851550019211,14.506634765563367,10.08393443748097,14.621576036765086,9.99811967465476,14.51614516419767,0.03364044514685606,270.33884531660846,274.3497275175067,273.5204767252082,270.01675873162776,-0.32208658498069553,2.3914537496649784,2.30645822225611,4,3,0.0341484499807887,0.0018803253452404078,4.506764141467853,4.516145555640275
339,33.9,True,9.965919012778484,14.275988953204017,9.84335803838402,14.271967706700066,9.971178818027104,14.28283662561025,0.008634591399510023,270.01675873162776,269.708916117948,271.2457327629847,270.2568721592687,0.24011342764094934,2.30645822225611,2.2131734400088696,4,3,0.03408098722151642,0.02882118197289607,4.276124769182113,4.282933600022174
340,34.0,True,9.966911233742668,14.054673833401583,10.069980293437006,14.273410226830373,9.984520331818617,14.104013859802468,0.05238815267107957,270.2568721592687,265.68301766681896,267.92238557556453,270.13796501302556,-0.11890714624314569,2.2131734400088696,2.141617221234122,4,3,0.03308876625733248,0.015479668181383133,4.054808844042333,4.104043053085305
341,34.1,True,9.967426922620286,13.840512732153371,9.882682209887461,13.948705429493454,9.966953538962846,13.9016456910689,0.06113479171351515,270.13796501302556,272.9666685809297,270.93669268269457,270.29452983270806,0.1565648196825009,2.141617221234122,2.0607142553189473,4,3,0.03257307737971438,0.03304646103715392,3.8406508629660854,3.9017856382973677
342,34.2,True,9.968486231276136,13.634444029323662,10.086403876256163,13.392636308860533,9.986118272080155,13.635054409735284,0.017642602618703186,270.29452983270806,266.6524127571629,268.35749425108753,270.123723162254,-0.17080667045405562,2.0607142553189473,1.9540323663030876,4,3,0.03151376872386358,0.013881727919844877,3.634580652552038,3.635080915757719
343,34.300000000000004,True,9.96890818011369,13.439041248266742,9.84056315050569,13.354515030754104,9.948549566701898,13.422852909604757,0.0260102950518816,270.123723162254,265.94312956668364,266.89855341944474,270.45855129330334,0.33482813104933484,1.9540323663030876,1.8692958300017604,4,3,0.031091819886309935,0.05145043329810228,3.4391817934712194,3.4232395750044007
344,34.4,True,9.97040420456299,13.25211765181229,9.942664107795682,13.368061076946283,9.944580260203399,13.262376946458584,0.027787213407011548,270.45855129330334,270.2821259947434,268.9301357938049,270.4939259940851,0.03537470078174465,1.8692958300017604,1.8051390539459653,4,3,0.029595795437009187,0.05541973979660142,3.2522523168316186,3.2628476348649134
345,34.5,True,9.97196032975402,13.071610453852765,9.870816474643272,13.213569079428463,9.924351198337332,13.108308121286202,0.06011113199155921,270.4939259940851,267.0699143732581,267.82672974442016,270.67420220134915,0.18027620726405758,1.8051390539459653,1.743691416263488,4,3,0.02803967024597931,0.07564880166266796,3.071738433416018,3.10922854065872
346,34.6,True,9.97401209250493,12.897253383961338,10.068389889150854,13.140386357490634,9.955726171078197,12.975252080577215,0.08011349197357626,270.67420220134915,273.1964990593752,271.0545157926582,270.3945920898648,-0.27961011148437365,1.743691416263488,1.6902325900365152,4,3,0.025987907495069962,0.04427382892180276,2.897369935339876,2.975581475091288
347,34.7,True,9.975176134854125,12.728234133313299,9.874414474017588,12.634622893769212,9.93413784656455,12.772012566570368,0.06000576909082966,270.3945920898648,265.55633631947404,267.74265218827566,270.58698755072265,0.19239546085788106,1.6902325900365152,1.6091179553125405,4,3,0.024823865145874535,0.06586215343545021,2.728347065616203,2.7727948882813513
348,34.800000000000004,True,9.976824625707971,12.567330782139381,9.963768976100743,12.583033989729966,9.935733752038399,12.605560269065021,0.05612444716455129,270.58698755072265,268.3012539089285,268.07226763393436,270.57276521797064,-0.01422233275201279,1.6091179553125405,1.5425410853377242,4,3,0.02317537429202865,0.06426624796160141,2.5674353824184126,2.6063527133443105
349,34.9,True,9.978366622646,12.413084381063078,9.797449007357034,12.512039247460216,9.909206009643391,12.463457944449226,0.08556100910528683,270.57276521797064,272.1722515431525,270.52429455979217,270.80916369324154,0.23639847527090296,1.5425410853377242,1.486052217096428,4,3,0.02163337735400006,0.09079399035660884,2.413181351068816,2.46513054274107
350,35.0,True,9.98046524062414,12.264493978540054,10.091516523619918,12.198161778371848,9.94605539563308,12.29151516468451,0.04375136492684695,270.80916369324154,269.98954342049774,270.18665000047264,270.480779540001,-0.32838415324056314,1.486052217096428,1.41686001289788,4,3,0.019534759375860133,0.0539446043669205,2.2645782357136697,2.2921500322447
351,35.1,True,9.981654140255118,12.122812965418474,10.144345942561038,12.152242272330158,9.986978016724418,12.150318838805637,0.028016365421856766,270.480779540001,270.90976523175743,270.63920117483156,270.11606056966076,-0.3647189703402205,1.41686001289788,1.3601433071827835,4,3,0.018345859744881565,0.013021983275582016,2.1228922386024576,2.150358267956959
352,35.2,True,9.9819296560094,11.986798913748029,10.1978852382034,12.16354671125961,10.033943035330742,12.044258147425094,0.07750454930635536,270.11606056966076,273.7826095581049,272.51965158672886,269.69747950731096,-0.4185810623498014,1.3601433071827835,1.3178159698084981,4,3,0.01807034399059937,0.03394303533074172,1.9868810887927555,2.0445399245212452
353,35.300000000000004,True,9.981233855223545,11.855019153678095,9.760983233598433,11.906571596611379,9.976627181610253,11.911330754433397,0.05649971523294587,269.69747950731096,265.8277175338951,268.5194730612434,270.20831345863627,0.51083395132531,1.3178159698084981,1.2645894628081054,4,3,0.018766144776455107,0.023372818389747252,1.855114074309816,1.9114736570202633
354,35.4,True,9.981693628049085,11.728561043209048,9.759035626656742,11.804617895213871,9.935777281453563,11.788856223031344,0.07578799109676343,270.20831345863627,273.5003691685127,271.5114234348652,270.5723772931042,0.36406383446791324,1.2645894628081054,1.2160034797966233,4,3,0.018306371950915334,0.06422271854643746,1.7286579775519382,1.790008699491558
355,35.5,True,9.982908379308993,11.606966762882417,9.959318000153727,11.671325257374429,9.939204790929397,11.668078181257625,0.07513061355454899,270.5723772931042,267.72228887380857,269.2457149676609,270.5418318976234,-0.03054539548077173,1.2160034797966233,1.2,4,3,0.01709162069100678,0.06079520907060321,1.6070576531371357,1.6691856925560096
356,35.6,True,9.984043172467402,11.486972128650349,9.894655347969664,11.260417023562985,9.927460452912227,11.49058780313147,0.056698123903820945,270.5418318976234,267.6555230686848,268.3080667251182,270.64649410156454,0.10466220394113179,1.2,1.2,4,3,0.015956827532598084,0.07253954708777322,1.4870577432392647,1.4923518300776135
357,35.7,True,9.985397157816292,11.366979767544839,10.069284284876767,11.12024076518339,9.958622792840037,11.320559166791739,0.05358860694364454,270.64649410156454,273.9315459424714,271.66991512408606,270.36877658235153,-0.277717519213013,1.2,1.2,4,3,0.014602842183707665,0.04137720715996274,1.3670577631822234,1.3212072457680704
358,35.800000000000004,True,9.986169516351497,11.24698225314436,10.150352783111941,11.334737162530896,9.994564531492829,11.227424877241448,0.021283026839032246,270.36877658235153,266.46455768126924,268.5649133231635,270.0484445625881,-0.32033201976344117,1.2,1.2,4,3,0.013830483648503034,0.005435468507171137,1.247058948861254,1.2274369122643645
359,35.9,True,9.98627097839403,11.12698229603831,9.844711203321795,10.999877847616899,9.963645984021431,11.085920151013813,0.04688272735638353,270.0484445625881,270.022308355903,269.43426550792003,270.32400814140044,0.2755635788123527,1.2,1.2,4,3,0.013729021605970004,0.03635401597856891,1.1270659171574833,1.0865285034713226
360,36.0,True,9.986949575841676,11.006984214780717,9.97662096562248,11.098831297811472,9.964662513802526,10.99251535810791,0.026571807385932646,270.32400814140044,268.78289505716015,269.0578797254214,270.3149484216928,-0.009059719707636305,1.2,1.2,4,3,0.013050424158324248,0.03533748619747357,1.0070687773872493,0.9931442362571664
361,36.1,True,9.987609198951727,10.88698602772211,9.972529112520883,10.826619396196975,9.964254871331532,10.863356606502396,0.033223096872056344,270.3149484216928,268.63369011089026,268.81761634719146,270.31858149624253,0.003633074549725279,1.2,1.2,4,3,0.012390801048272948,0.03574512866846824,0.8870725704951452,0.8640962586511175
362,36.2,True,9.988276431039035,10.766987882730858,9.799389197139188,10.63519946469531,9.935678430858337,10.72182591287446,0.06932642457475287,270.31858149624253,275.17429702440654,272.62500187564,270.57325822845587,0.25467673221334053,1.2,1.2,4,3,0.01172356896096538,0.0643215691416632,0.7670774760903531,0.7246860787636896
363,36.300000000000004,True,9.98947704023374,10.646993888974663,10.132897038307815,10.46294546918503,9.976355739498766,10.574057750178657,0.07410700962424484,270.57325822845587,269.46360572819503,270.7362633605827,270.210732702097,-0.3625255263588656,1.2,1.2,4,3,0.010522959766259277,0.023644260501233916,0.6470794580674005,0.5745444731218214
364,36.4,True,9.989918396777847,10.526994700625737,9.878513849958198,10.294095894931761,9.956342244098888,10.422066411059728,0.1101694330564024,270.210732702097,269.0557242835335,269.73433911409575,0.0,89.789267297903,1.2,0.0,5,3,0.01008160322215268,0.04365775590111198,0.0,0.0
