step,true_x,true_y,gps_x,gps_y,localized_x,localized_y,true_heading,desired_heading,heading_error,desired_speed,active_segment,waypoint_index,true_cross_track,estimated_cross_track,true_waypoint_distance,estimated_waypoint_distance,localization_position_error
0,10.0,10.0,10.367954692508794,10.035039320099536,10.07359093850176,10.007007864019908,0.0,359.9375411975809,-0.06245880241908708,2.5,0,1,0.0,0.007007864019907828,20.0,19.926410293786418,0.07392385533568463
1,10.249999851457062,9.99972747211671,9.159198842880027,10.579088253110482,9.890712519377413,10.121423941838023,359.9375411975809,358.91791631922314,-1.0196248783577744,2.5,0,1,0.00027252788328979705,0.16336317538636394,19.75000015042323,20.109654068431308,0.3793381311383585
2,10.499955268021246,9.995006272033578,10.274077583384136,10.029368807664044,9.967385532178758,10.103012915003227,358.91791631922314,359.0819577526843,0.16404143346113642,2.5,0,1,0.004993727966422057,0.10805259908361675,19.500045371395714,20.03287932567404,0.5434114081070718
3,10.749923177202943,9.991000728458589,11.364676481958107,10.404916521755924,10.246843722134628,10.163393636353765,359.0819577526843,358.54403879520174,-0.5379189574825318,2.5,0,1,0.008999271541410891,0.16339363635376536,19.250078926344084,19.75383204388893,0.5317971914220566
4,10.999842464668605,9.98464858294264,11.325014320942579,9.59462280619249,10.462477841896218,10.04963947032151,358.54403879520174,359.5575882365806,1.0135494413788706,2.5,0,1,0.015351417057360095,0.049639470321510615,19.000163737015956,19.53758521812279,0.5412804755850728
5,11.249835011929429,9.982718216644585,10.77017949306359,9.919251769985062,10.524018172129693,10.023561930254221,359.5575882365806,359.7900010708949,0.23241283431428883,2.5,0,1,0.01728178335541486,0.023561930254221153,18.750172952266425,19.475996080408613,0.7269651256272895
6,11.499833332744908,9.98180192551145,11.659783685218544,9.205048736388797,10.751171274747463,9.859859291481136,359.7900010708949,1.2488310430353187,1.4588299721403928,2.5,0,1,0.018198074488550375,0.14014070851886373,18.50017561771054,19.249338864290674,0.7585281030253395
7,11.749773950730495,9.987250547445782,11.78198000241286,9.689214465808647,10.957333020280542,9.825730326346639,1.2488310430353187,1.5528289746562396,0.3039979316209269,2.5,0,1,0.012749452554217555,0.17426967365336132,18.250230502598473,19.043464380717417,0.8087344496658363
8,11.999682141696649,9.994025212605356,11.770999522954728,9.831366769756878,11.12006632081538,9.826857615028686,1.5528289746562396,1.5427891453751272,-0.010039829281112134,2.5,0,1,0.0059747873946438546,0.17314238497131385,18.00031884989927,18.88072758174015,0.8953597031496257
9,12.249591515937647,10.000756086729343,12.335138671944959,8.881856336045225,11.363080791041295,9.637857359231994,1.5427891453751272,3.2242525408799962,1.6814633955048635,2.5,0,1,0.0007560867293427975,0.3621426407680062,17.750408500165285,18.640437357892555,0.957912705717724
10,12.499195777496762,10.014817118395916,12.270171329205215,10.242417654893423,11.544498898674078,9.75876941836428,3.2242525408799962,2.1490019148747685,-1.0752506260052144,2.5,0,1,0.01481711839591604,0.24123058163572075,17.500810494985217,18.45707758813834,0.9884364193640711
11,12.74901994973843,10.02419170978782,12.892717840950306,9.855088947965607,11.814142687129324,9.778033324284545,2.1490019148747685,1.9775316270975818,-0.17147028777719697,2.5,0,1,0.024191709787819704,0.22196667571545525,17.25099701273364,18.187211864637746,0.9667416650259131
12,12.998871058716382,10.032818606245277,12.864908546284212,9.842442318352122,12.024295858960302,9.79091512309806,1.9775316270975818,1.8628492596267356,-0.11468236747083438,2.5,0,1,0.03281860624527688,0.20908487690194022,17.00116061741278,17.976920088044583,1.0041484527391151
13,13.248738934654195,10.040945387546953,13.262207379106366,8.673612496899267,12.271878162989514,9.567454597858301,1.8628492596267356,3.849335405122837,1.9864861454960874,2.5,0,1,0.04094538754695343,0.4325454021416988,16.751311107018807,17.733397852436568,1.0855645974041799
14,13.49817494271529,10.057728649522684,13.533392180733863,9.852832320572519,12.524180966538385,9.624530142401145,3.849335405122837,3.3426440134999846,-0.5066913916228657,2.5,0,1,0.05772864952268364,0.3754698575988549,16.501926033593936,17.479852073294687,1.065985559096007
15,13.747749616824734,10.072305413332396,13.33632846776962,10.480803768429109,12.686610466784632,9.795784867606738,3.3426440134999846,1.8194916057818407,-1.5231524077181575,2.5,0,1,0.07230541333239593,0.20421513239326217,16.252411223883605,17.314593871909032,1.0965764487514065
16,13.997623571029258,10.080243108854097,13.48430868140805,9.811571498096562,12.846150109709315,9.798942193704702,1.8194916057818407,1.7913793112740921,-0.02811229450773567,2.5,0,1,0.08024310885409669,0.20105780629529768,16.002577615215525,17.155028134634406,1.1853359595439674
17,14.247501389803336,10.08805820224503,13.463274962390468,10.191078061265697,12.969575080245546,9.877369367216902,1.7913793112740921,1.092834653392057,-0.6985446578820245,2.5,0,1,0.0880582022450298,0.12263063278309794,15.752744735798599,17.030866425977575,1.2951777630369903
18,14.49745591608185,10.092826303846625,14.356202603371704,10.143108812603664,13.246900584870778,9.930517256294255,1.092834653392057,0.6192531253430535,-0.4735815280490101,2.5,0,1,0.09282630384662482,0.06948274370574481,15.502821994608318,16.753243502822848,1.261044354230966
19,14.747441314599937,10.095528252727243,14.518855342214913,10.023822663525138,13.501291536339604,9.949178337740431,0.6192531253430535,0.45294761481910095,-0.16630551052395504,2.5,0,1,0.09552825272724341,0.05082166225956897,15.252857833817307,16.49878673752146,1.254714137752072
20,14.997433502668185,10.09750458894606,14.839413233002498,10.65002845396799,13.768915875672183,10.089348360985943,0.45294761481910095,359.20371820522934,-1.249229409589816,2.5,0,1,0.09750458894606062,0.08934836098594268,15.002883344601749,16.231330043487418,1.2285447016264508
21,15.2474093596628,10.094030266018068,14.826131876472832,10.622680862795841,13.980359075832313,10.196014861347923,359.20371820522934,358.2535239967775,-0.9501942084518191,2.5,0,1,0.09403026601806808,0.19601486134792268,14.752890302997992,16.020840089244306,1.2711480163377957
22,15.497293226469795,10.086411006895029,15.297922371329776,10.014497102550548,14.243871734931805,10.159711309588447,358.2535239967775,358.5768374691359,0.32331347235839303,2.5,0,1,0.08641100689502856,0.15971130958844704,14.502964201193889,15.756937697652148,1.255562969278828
23,15.747216109239835,10.080201927421179,15.792105728165682,10.24565780384016,14.55351853357858,10.176900608438789,358.5768374691359,358.4237398341912,-0.15309763494468598,2.5,0,1,0.08020192742117871,0.17690060843878896,14.25300954135212,15.447494409054382,1.1976078394241167
24,15.997121508799557,10.073325062518073,15.557427348257061,10.817176871785845,14.754300296514277,10.3049558611082,358.4237398341912,357.2840629925189,-1.1396768416723262,2.5,0,1,0.07332506251807303,0.3049558611081995,14.00307047058313,15.248749375804199,1.2642220503383705
25,16.246840692176544,10.061478989179989,15.748765570869232,10.758544367528136,14.953193351385268,10.395673562392187,357.2840629925189,356.47793248797734,-0.8061305045415565,2.5,0,1,0.06147898917998873,0.39567356239218654,13.753296717968443,15.052008101538235,1.3361173058907752
26,16.496368495051524,10.046120747340964,16.43934905590738,9.890931040482092,15.25042449228969,10.294725058010167,356.47793248797734,357.37504887868647,0.8971163907091295,2.5,0,1,0.046120747340964385,0.294725058010167,13.503710265877757,14.75251980230723,1.2705040579634086
27,16.746106175158832,10.03467124365655,16.93465219609135,10.076579492093739,15.587270033050022,10.251095944826881,357.37504887868647,357.7632000451824,0.3881511664959021,2.5,0,1,0.03467124365655039,0.251095944826881,13.253939173517416,14.41491707481269,1.1788727053988055
28,16.995915688800295,10.024913841634731,17.42553468215053,9.562963682955836,15.954922962870123,10.113469492452673,357.7632000451824,358.98878809161897,1.2255880464365987,2.5,0,1,0.024913841634731426,0.11346949245267268,13.004108176737661,14.045535386898942,1.0447525825435033
29,17.245876754011263,10.020501826381022,17.249894209456112,11.211760266887719,16.213917212187322,10.333127647339682,358.98878809161897,357.0335942703527,-1.9551938212662776,2.5,0,1,0.020501826381021715,0.3331276473396816,12.754139723978064,13.790107057664455,1.07827426932648
30,17.495541766328927,10.007564221331357,17.58146575114301,10.039232480143617,16.48742691997846,10.274348613900468,357.0335942703527,357.55630230248624,0.5227080321335507,2.5,0,1,0.007564221331357146,0.27434861390046805,12.504460521552645,13.515357871875679,1.0428180356853698
31,17.745314416897685,9.996904811035435,18.663245247147223,9.778104480194369,16.922590585412213,10.175099787159247,357.55630230248624,358.4397779508689,0.8834756483826709,2.5,0,1,0.0030951889645649544,0.17509978715924746,12.254685973981156,13.078581610106369,0.8418004231466637
32,17.995221731624703,9.990097899405932,17.647457287241995,10.056774028093557,17.06756392577817,10.15143463534611,358.4397779508689,358.6505616049257,0.21078365405679733,2.5,0,1,0.009902100594068486,0.15143463534611,12.00478235223163,12.933322669083012,0.9415830006493501
33,18.245152396899545,9.984210407981399,17.874005032465405,9.414672976819613,17.228852147115617,10.00408230364081,358.6505616049257,359.96361575188706,1.313054146961349,2.5,0,1,0.015789592018601084,0.004082303640810636,11.754858207708532,12.771148505339541,1.0164945105350904
34,18.495152346492464,9.98405165176071,18.54179727364319,9.360841665853028,17.491441172421133,9.875434176083255,359.96361575188706,1.1100760130683804,1.1464602611813461,2.5,0,1,0.0159483482392897,0.12456582391674509,11.504858707530024,12.50917905329879,1.0095711351748284
35,18.745105426644116,9.988894969084873,18.543041406222027,9.569612031083167,17.70176121918131,9.814269747083237,1.1100760130683804,1.65489336832316,0.5448173552547928,2.5,0,1,0.011105030915127045,0.1857302529167626,11.254900051935929,12.299641166996755,1.0578568444762788
36,18.995001152991495,9.9961147996449,19.978233615989964,9.870986451078277,18.15705569854304,9.825613087882246,1.65489336832316,1.5538731153680676,-0.1010202529550952,2.5,0,1,0.0038852003550999825,0.17438691211775392,11.004999532823266,11.844228152249087,0.8551160262472124
37,19.24490922045673,10.002894019053567,19.912186638219872,10.172956698623196,18.508081886478408,9.895081810030437,1.5538731153680676,0.9350189070098696,-0.6188542083581865,2.5,0,1,0.0028940190535671206,0.10491818996956326,10.755091168909864,11.492397041282214,0.7446730776065758
38,19.494875931828762,10.006973627595091,19.516565980910517,9.781290993943154,18.70977870536483,9.87232364681298,0.9350189070098696,1.1377884881359897,0.20276958112611965,2.5,0,1,0.006973627595090903,0.1276763531870202,10.505126382826266,11.290943190584063,0.7965602753878592
39,19.74482664015709,10.011937840137561,19.867408129658052,10.064286619289806,18.941304590223474,9.910716241308345,1.1377884881359897,0.7957061265229133,-0.34208236161308037,2.5,0,1,0.01193784013756094,0.08928375869165528,10.255180308139828,11.059055825692287,0.8098725188565559
40,19.994802532046673,10.01540965148137,20.374642664990358,9.48436753349518,19.22797220517685,9.825446499745711,0.7957061265229133,1.555356768776306,0.7596506422534048,2.5,0,1,0.01540965148137019,0.17455350025428906,10.00520933464655,10.77344196331393,0.7900093348971414
41,20.244710423882697,10.022195342166437,20.09217612590265,9.413899461764155,19.40081298932201,9.7431370921494,1.555356768776306,2.2881189265206414,0.7327621577443324,2.5,0,1,0.02219534216643737,0.25686290785059995,9.755314825627966,10.602298988462573,0.888839910760471
42,20.494511097761414,10.032176490884853,21.190221132333857,10.16181553755858,19.75869461792438,9.826872781231236,2.2881189265206414,1.5426540718871098,-0.745464854633525,2.5,0,1,0.03217649088485253,0.17312721876876402,9.505543361488947,10.242768618045107,0.763921138074671
43,20.7444204878696,10.038906775853194,20.130424010497254,10.397643747196069,19.833040496438954,9.941026974424203,1.5426540718871098,0.5255927742977156,-1.0170612975894073,2.5,0,1,0.03890677585319402,0.05897302557579742,9.2556612860765,10.167130537412994,0.9166209381788655
44,20.99440996920821,10.041200074798452,20.854773505747346,10.059400191876206,20.037387098300634,9.964701617914603,0.5255927742977156,0.3145999098989344,-0.21099286439877574,2.5,0,1,0.04120007479845178,0.03529838208539715,9.005684274326958,9.962675434083181,0.9600754081559366
45,21.244406200601258,10.042572768964437,21.053636555954274,9.915996849063259,20.240636989831362,9.954960664144334,0.3145999098989344,0.40141447654244716,0.08681456664351117,2.5,0,1,0.04257276896443685,0.045039335855665996,8.7556973006567,9.759466937595628,1.0075854849096568
46,21.494400065114355,10.044324255706206,21.800067234779817,10.938948625358982,20.552523038821054,10.151758256387264,0.40141447654244716,358.64767887824684,-1.7537355982956342,2.5,0,1,0.04432425570620602,0.15175825638726437,8.50571542505218,9.448695756578719,0.947984386559953
47,21.744330433855083,10.038424189509579,21.691588704917237,9.692474280466062,20.78033617204029,10.059901461203024,358.64767887824684,359.46613308634164,0.8184542080948063,2.5,0,1,0.03842418950957871,0.0599014612030242,8.255758984109873,9.219858420043279,0.9642334831415276
48,21.994319581409453,10.036094789363716,21.810098615054862,10.669844614615746,20.986288660643204,10.181890091885569,359.46613308634164,358.3793047864128,-1.086828299928868,2.5,0,1,0.03609478936371602,0.1818900918855686,8.005761787514247,9.015546356975568,1.0185198120106893
49,22.24421957254651,10.029024115442587,22.388284899887964,9.746516984597065,21.266687908492155,10.094815470427868,358.3793047864128,359.1550016239216,0.7756968375088036,2.5,0,1,0.029024115442586762,0.09481547042786787,7.755834735097691,8.733826770729403,0.9797431584959769
50,22.49419238508715,10.025337248137998,22.86063009747035,10.353211611231147,21.585476346287795,10.146494698588524,359.1550016239216,358.69456603418064,-0.4604355897409391,2.5,0,1,0.025337248137997648,0.14649469858852449,7.505850380085319,8.415798774661663,0.9167573108357864
51,22.744127498373718,10.01964171072437,22.379073609451318,9.89593779774309,21.7441957989205,10.096383318419438,358.69456603418064,359.1410309911153,0.44646495693467614,2.5,0,1,0.019641710724370043,0.09638331841943781,7.255899086719483,8.256366800877457,1.002872214154437
52,22.994099404501416,10.015893891773937,23.25844849129955,9.53944599332127,22.04704633739631,9.984995853399804,359.1410309911153,0.13372686668127157,0.9926958755659712,2.5,0,1,0.01589389177393663,0.015004146600196222,7.005918624263569,7.952967816100895,0.9475569643501954
53,23.244098723572325,10.01647738477467,24.523341695098917,10.280591788950744,22.54230540893683,10.044115040509991,0.13372686668127157,359.60682307304876,-0.5269037936325276,2.5,0,1,0.016477384774670867,0.04411504050999149,6.755921370253365,7.45782506836759,0.7023373096181199
54,23.494092837317062,10.014761840259432,24.2026413125854,10.375808011034719,22.874372589666542,10.110453634614936,359.60682307304876,359.0156593066234,-0.5911637664253817,2.5,0,1,0.014761840259431835,0.11045363461493629,6.505923909897579,7.1264834242629895,0.6270646735823966
55,23.744055944234365,10.010467055020529,23.888956321087043,9.773541286676378,23.077289335950642,10.043071165027225,359.0156593066234,359.6161263700367,0.6004670634133049,2.5,0,1,0.010467055020528804,0.04307116502722508,6.255952812170996,6.922844651109796,0.6675632838252178
56,23.994050333241937,10.00879210286289,23.616095168340415,9.731665688774104,23.185050502428595,9.980790069776601,359.6161263700367,0.17121139008004974,0.5550850200433501,2.5,0,1,0.00879210286288945,0.019209930223398786,6.005956102129289,6.814976571923628,0.8094843050442554
57,24.244049217073513,10.009539152369562,23.44769281646103,10.710222495796442,23.23757896523508,10.12667655498057,0.17121139008004974,358.871118904077,-1.3000924860029954,2.5,0,1,0.009539152369562487,0.12667655498056973,5.755958687386486,6.763607410325705,1.0132638051989087
58,24.4940006941343,10.00461379805435,25.051253629746974,9.758202362469833,23.600313898137458,10.052981716478422,358.871118904077,359.5278017750221,0.6566828709451329,2.5,0,1,0.004613798054350582,0.052981716478422314,5.506001238950646,6.399905410602065,0.8949947177898758
59,24.743992204069784,10.002553467940798,25.066833075558286,10.15934479268051,23.893617733621625,10.07425433171884,359.5278017750221,359.3382245692994,-0.189577205722685,2.5,0,1,0.0025534679407979155,0.07425433171884066,5.256008416191676,6.106833720424956,0.8533919110564058
60,24.993975528480163,9.999665992099361,24.984569999450848,10.438177575810153,24.11180818678747,10.147038980537102,359.3382245692994,358.6897175522405,-0.6485070170589324,2.5,0,1,0.0003340079006388663,0.1470389805371024,5.006024482662538,5.890027443992128,0.8943925404822106
61,25.24391015890424,9.993949304703598,25.079142029737454,10.472429516150877,24.305274955377467,10.212117087659857,358.6897175522405,358.1101545993609,-0.5795629528795985,2.5,0,1,0.006050695296401898,0.21211708765985726,4.756093689940083,5.698674143406378,0.9636561766625035
62,25.49377417799842,9.98570479367496,25.400497526654046,9.544767189473307,24.524319469632783,10.078647108022547,358.1101545993609,359.2990787116196,1.1889241122586895,2.5,0,1,0.014295206325039445,0.07864710802254749,4.506248496454416,5.476245304790767,0.9738997409223351
63,25.743755471270354,9.982646523887649,26.225800263719297,9.539353585113957,24.864615628450085,9.97078840344083,359.2990787116196,0.2603517274085506,0.9612730157889473,2.5,0,1,0.017353476112351274,0.02921159655917016,4.256279905207625,5.135467453010743,0.8792198122509403
64,25.99375289028864,9.983782518692458,26.06979765980979,9.599895831197172,25.105652034722027,9.896609888992097,0.2603517274085506,0.9214032072229402,0.6610514798143754,2.458175947979133,0,1,0.016217481307542414,0.10339011100790252,4.006279934149708,4.895439869947833,0.8923688682529359
65,26.239538699679017,9.987735468799553,25.92646903147659,9.34745925300813,25.26981543407294,9.786779761795303,0.9214032072229402,1.8996666764445203,0.9782634692215879,2.393995095990046,0,1,0.012264531200447237,0.2132202382046966,3.760481300304171,4.734987739975115,0.9903264148932377
66,26.478806637416223,9.995671410282965,26.74652885789928,9.608954269024606,25.565158118838205,9.751214663241164,1.8996666764445203,2.2162373351086466,0.31657065866411926,2.2767258271187663,0,1,0.004328589717035314,0.24878533675883574,3.5211960231422763,4.441814567796915,0.9457868241173938
67,26.706308920438,10.004475735275516,25.965517108544667,10.171688343179968,25.6452299167795,9.835309399228924,2.2162373351086466,1.467513107414482,-0.7487242276941686,2.243153256449685,0,1,0.004475735275516257,0.16469060077107578,3.29369412055712,4.357883141124212,1.0744793628806224
68,26.930550672158624,10.010220481090222,25.92755880879777,10.009055180552945,25.701695695183155,9.870058555493728,1.467513107414482,1.1579684129931143,-0.309544694421362,2.220107190883517,0,1,0.010220481090222222,0.12994144450627232,3.069466343588017,4.300267977208793,1.2368225094265948
69,27.152516051684373,10.014707092519593,27.31634170337296,9.534603087859738,26.024624896821116,9.80296746196693,1.1579684129931143,1.7555377579674512,0.597569344974346,2.0921019581430467,0,1,0.014707092519593346,0.19703253803307064,2.8475219287102136,3.980254895357617,1.1475940607921205
70,27.361628051462304,10.021116271993947,27.609225282355773,10.687366877457714,26.34154497392805,9.979847345065087,1.7555377579674512,0.1796135119894559,-1.5759242459780012,1.9634042125013609,0,1,0.02111627199394661,0.020152654934912917,2.6384564494744875,3.6585105312534023,1.0209175331052056
71,27.557967507968385,10.021731768198824,27.635011669470455,9.053403392116588,26.60023831303653,9.794558554475387,0.1796135119894559,1.8304102537662958,1.650796741776844,1.8623853032492055,0,1,0.021731768198824497,0.2054414455246132,2.442129186158502,3.405963258123014,0.9843032458842409
72,27.744111009717926,10.027680459988181,28.41193812137998,10.1827960342107,26.96257827470522,9.872206050422449,1.8304102537662958,1.1388361731190653,-0.6915740806472286,1.7160435538806234,0,1,0.027680459988181028,0.1277939495775513,2.256058807819741,3.0401088847015583,0.7968473554742183
73,27.915681468106712,10.031091119222811,27.7670615780447,9.918289536138984,27.123474935373114,9.881422747565756,1.1388361731190653,1.0567208961568095,-0.08211527696226995,1.6515872185620377,0,1,0.03109111922281116,0.11857725243424433,2.084550407183362,2.8789680464050944,0.806220696819589
74,28.080812101075775,10.034137011606175,28.29076768026249,9.949503989216128,27.35693348435099,9.89503899589583,1.0567208961568095,0.9354003938994923,-0.12132050225730495,1.5580599165285534,0,1,0.034137011606174994,0.10496100410417064,1.9194914761307436,2.6451497913213835,0.7371217740142704
75,28.236597329525868,10.036680558673265,28.013086356766813,10.522942076765135,27.488164058834155,10.02061961206969,0.9354003938994923,359.816224691837,-1.119175702062421,1.5047682290944047,0,1,0.036680558673264585,0.020619612069690874,1.7637841255720281,2.5119205727360114,0.7486055801849848
76,28.38707337838658,10.036197907467198,29.051817908123954,10.753129197271063,27.800894828692115,10.167121529109965,359.816224691837,358.51083523491525,-1.3053894569217732,1.3821784998482003,0,1,0.036197907467197865,0.16712152910996458,1.61333275402636,2.205446249620501,0.6006215837163748
77,28.52524454632045,10.032605915510572,28.82150019111688,9.892281409702841,28.005015901177067,10.11215350522854,358.51083523491525,359.0005134495931,0.4896782146778378,1.2992536481784887,0,1,0.03260591551057246,0.11215350522853917,1.4751158577833319,1.9981341204462217,0.52627527232206
78,28.65515014319075,10.030339569371357,28.70810537337084,10.22144335491766,28.145633795615822,10.134011475166364,359.0005134495931,358.8057720025563,-0.1947414470367903,1.24368090957759,0,1,0.030339569371356845,0.13401147516636414,1.3451920408735336,1.8592022739439749,0.5199565101979803
79,28.779491219925443,10.027747526753158,29.11863496088453,10.348141850601156,28.340234028669563,10.176837550253323,358.8057720025563,358.42430142631406,-0.38147057624223635,1.2,0,1,0.02774752675315817,0.17683755025332282,1.2208241509242843,1.6691598481769396,0.46386928673634387
80,28.899445844062505,10.024447807350542,28.853851605379198,9.37452774062688,28.44295754401149,10.016375588328033,358.42430142631406,359.85404998928703,1.429748562972975,1.2,0,1,0.024447807350542305,0.01637558832803343,1.100825665323779,1.5571285655474358,0.4565596662030184
81,29.019445454735962,10.02414213069349,28.74910237181964,10.112699616358855,28.50418650957312,10.035640393934198,359.85404998928703,359.68235194182,-0.1716980474670322,1.2,0,1,0.02414213069348925,0.035640393934198045,0.9808517006726277,1.4962380277959886,0.5153872239664821
82,29.139443610581548,10.023476853564157,29.491519585000642,10.728597429822193,28.701653124658623,10.174231801111796,359.68235194182,358.4475083232482,-1.2348436185718015,1.2,0,1,0.02347685356415674,0.17423180111179626,0.8608765660779688,1.30998524007997,0.4630200468389269
83,29.25939956138667,10.020225720463268,28.99367553399525,9.369256338990086,28.760057606525947,10.013236708687455,358.4475083232482,359.88202566012245,1.4345173368742508,1.2,0,1,0.02022572046326765,0.013236708687454524,0.7408765682909109,1.2400130441213264,0.49939086312199304
84,29.37939930700785,10.019978635758212,29.52820908952049,10.645735567431691,28.913687903124856,10.139736480436301,359.88202566012245,358.7547700048453,-1.1272556552771675,1.2,0,1,0.01997863575821235,0.1397364804363015,0.6209221899957308,1.0952626423748766,0.48086282146638415
85,29.49937096777838,10.017370837460497,29.980692894950185,10.136378758411308,29.127088901489923,10.139064936031303,358.7547700048453,9.351893285643628,10.597123280798371,1.2,0,1,0.017370837460497057,0.13906493603130343,0.500930308423473,0.8839190247615781,0.3916674488733565
86,29.6182735278549,10.033562848059844,29.01557566495271,10.635442186100583,29.104786254182482,10.23834038604516,7.754770004845284,4.657152559858195,-3.097617444987094,1.2,1,2,0.38172647214510036,0.895213745817518,19.970085819593077,19.78192605254894,0.5528137301902508
87,29.737877333948564,10.043306028644686,29.713399748100862,10.23895448160429,29.226508952966157,10.238463205156986,4.657152559858195,15.433125813496867,10.775973253638682,1.2,1,2,0.26212266605143597,0.7734910470338434,19.958415331844044,19.77666870061224,0.5473426208626746
88,29.8544844494755,10.071639411931685,29.748478753690467,10.136423330390688,29.330902913111018,10.218055230203726,13.657152559858195,25.296954668528173,11.639802108669983,1.2,1,2,0.14551555052450027,0.6690970868889821,19.928891853375063,19.79325717983156,0.5436682969072802
89,29.9652236202546,10.117865335991207,30.068762813028396,10.047135194457216,29.478474893094493,10.183871223054425,22.657152559858197,39.324988012428896,16.6678354525707,1.2,1,2,0.0347763797453986,0.5215251069055071,19.882165078138957,19.822990393520936,0.49120372608418605
90,30.067368080379055,10.180845565157862,30.283700945049116,9.614722377164124,29.639520103485417,10.070041453876364,31.657152559858197,86.79052029547431,55.133367735616105,2.5,1,2,0.06736808037905462,0.36047989651458323,19.8192689312794,19.933218340398465,0.4419631686112106
91,30.25702352592803,10.343728381850166,30.622696066252885,10.166721161282965,29.83615529603891,10.089377395357683,40.6571525598582,88.54002117800175,47.88286861814356,2.5,1,2,0.25702352592803024,0.16384470396108952,19.65795195383698,19.911296733048545,0.49175653657038476
92,30.418863511933623,10.534274488946872,30.833191171732828,10.992213472863074,30.035562471177695,10.269944610858762,49.6571525598582,90.31695357913419,40.65980101927599,2.5,1,2,0.4188635119336226,0.03556247117769473,19.47023154236472,19.73008743893289,0.4656071007777404
93,30.548903000824257,10.747792008904984,29.97673922324509,10.694120780313543,30.023797821591174,10.354779844749718,58.6571525598582,90.21210132382795,31.554948763969747,2.5,1,2,0.5489030008242572,0.02379782159117383,19.26003133529893,19.645234569344403,0.655891767314863
94,30.643939988807123,10.979023431759112,30.35456710941204,10.867148799663228,30.089951679155348,10.45725363573242,67.65715255985819,90.80165792908302,23.144505369224817,2.5,1,2,0.6439399888071229,0.08995167915534807,19.031873484204173,19.54295337871624,0.7610169296911646
95,30.701634349828403,11.222275072465493,30.82208266128295,10.706055362027097,30.236377875580867,10.507013980991355,76.65715255985819,92.10581091646122,15.448658356603033,2.5,1,2,0.701634349828403,0.23637787558086742,18.79082872613685,19.494419161322316,0.8532655013570064
96,30.720565457243147,11.471557268324025,31.47568927189617,11.492686235944204,30.484240154843928,10.704148431981924,85.65715255985819,94.30774085511008,8.650588295251907,2.5,1,2,0.720565457243147,0.4842401548439277,18.542448722840472,19.30192675000475,0.8029732066825269
97,30.701787094930108,11.720851016959726,30.411022757796925,11.366567718347222,30.469596675434527,10.836632289254984,94.30774085511008,94.17794268815567,-0.1297981669544015,2.5,1,2,0.7017870949301077,0.4695966754345271,18.292615796293124,19.169120560286633,0.9141964500747777
98,30.68357353171831,11.97018666646683,30.2238017207674,11.502608513921848,30.420437684501103,10.969827534188356,94.17794268815567,93.74189614636005,-0.4360465417956334,2.5,1,2,0.6835735317183094,0.42043768450110264,18.042767016600205,19.034816309202576,1.034388161003237
99,30.667258033598333,12.21965370741833,29.916169980255347,12.296573513712097,30.31958414365195,11.235176730093105,93.74189614636005,92.84600719771464,-0.8958889486453927,2.5,1,2,0.6672580335983334,0.31958414365195154,17.792862264613984,18.767544495104122,1.0440651572741324
100,30.65484509049925,12.46934535494307,30.627652868120567,12.045608277024952,30.381197888545675,11.397263039479475,92.84600719771464,93.39351988763357,0.547512689918932,2.5,1,2,0.6548450904992507,0.3811978885456746,17.542881017005364,18.606642207893074,1.106455278023836
101,30.640046722255644,12.718906987205175,30.669506932333814,12.58809166024415,30.438859697303304,11.63542876363241,93.39351988763357,93.90535534074088,0.5118354531073237,2.5,1,2,0.6400467222556436,0.4388596973033039,17.292941783384816,18.36981422142143,1.1019987658639043
102,30.623019586693164,12.968326466505683,30.158911236808954,12.203584214827034,30.382870005204435,11.749059853871335,93.90535534074088,93.40837047616874,-0.4969848645721413,2.5,1,2,0.6230195866931645,0.3828700052044347,17.0430647700739,18.25495564657598,1.2426917937179955
103,30.608156534652178,13.2178842547713,29.953978775921172,13.462083009304456,30.297091759347783,12.09166448495796,93.40837047616874,92.64600016693679,-0.7623703092319545,2.5,1,2,0.6081565346521778,0.29709175934778287,16.793131430942033,17.910799659222043,1.168388747101575
104,30.596615284324642,13.467617711762705,30.38928221052175,13.043456317577292,30.315529849582575,12.282022851481827,92.64600016693679,92.8099605449664,0.16396037802962837,2.5,1,2,0.596615284324642,0.3155298495825747,16.543144015631125,17.720786475813927,1.2184597631225131
105,30.584359432870816,13.717317119261285,30.878234339182885,13.791560722605269,30.428070747502638,12.583930425706516,92.8099605449664,93.80963214795179,0.9996716029853872,2.5,1,2,0.5843594328708157,0.4280707475026375,16.29316536899711,17.42132956985484,1.1441116861133467
106,30.567749022231464,13.966764697438329,30.733760965298767,13.602715738563615,30.489208791061863,12.787687488277935,93.80963214795179,94.35177229541051,0.5421401474587242,2.5,1,2,0.5677490222314638,0.48920879106186277,16.043284365102885,17.2192632607332,1.1816901595061358
107,30.548779084830116,14.2160439414098,29.113067021954794,14.475646292453721,30.213980437240448,13.125279249113092,94.35177229541051,91.90643461285356,-2.4453376825569535,2.5,1,2,0.548779084830116,0.21398043724044769,15.793493196359481,16.8760773892494,1.1409898108173469
108,30.54046222942612,14.465905562944979,30.624698379864377,14.97695386341429,30.296124025765234,13.495614171973331,91.90643461285356,92.63739339245932,0.7309587796057713,2.5,1,2,0.5404622294261188,0.2961240257652342,15.543493474788093,16.507042163846407,1.0005831005778192
109,30.528958493327636,14.715640750805594,30.05204518472179,15.38643767495663,30.247308257556547,13.873778872569991,92.63739339245932,92.2030921762087,-0.434301216250617,2.5,1,2,0.5289584933276359,0.24730825755654706,15.293509562755634,16.128117349059238,0.8877264653801233
110,30.519348058850618,14.965455961609827,30.253268645388072,14.684554493826653,30.248500335122852,14.035933996821324,92.2030921762087,92.2137010019153,0.010608825706583502,2.5,1,2,0.5193480588506176,0.24850033512285208,15.043511453398287,15.965999992809763,0.9681784817236905
111,30.50969136901939,15.215269388673914,30.382850433699378,15.078848731856194,30.275370354838156,14.244516943828298,92.2137010019153,92.4527875274258,0.23908652551051546,2.5,1,2,0.5096913690193894,0.27537035483815586,14.793513596882097,15.757889299193508,0.9986323882493806
112,30.498992333061086,15.46504034501104,29.86401241795516,15.801614008625501,30.193098767461557,14.555936356787738,92.4527875274258,91.72050958481276,-0.7322779426130523,2.5,1,2,0.4989923330610857,0.19309876746155652,14.543522459177849,15.445270763233191,0.9591876432058055
113,30.491486321959172,15.714927639200516,31.14690253421033,15.885766453503797,30.38385952081131,14.82190237613095,91.72050958481276,93.41715845647542,1.69664887166266,2.5,1,2,0.4914863219591723,0.3838595208113098,14.293524798241695,15.18295082029237,0.8994874367137036
114,30.476584993121502,15.9644831448478,30.26096294290384,16.00778530104854,30.359280205229815,15.059078961114468,93.41715845647542,93.19882064838822,-0.21833780808719894,2.5,1,2,0.47658499312150227,0.3592802052298154,14.04360589901789,14.945240170572111,0.9129716037118226
115,30.462634754744673,16.214093623091863,30.374380849685874,16.474055259829193,30.362300334121027,15.342074220857413,93.19882064838822,93.22565356277492,0.02683291438671631,2.5,1,2,0.4626347547446734,0.36230033412102713,13.793666863788399,14.662402588899168,0.8777726549826045
116,30.44856761964784,16.463697540749752,30.24020058942165,16.324482121883264,30.33788038518115,15.538555801062582,93.22565356277492,93.0086502807038,-0.21700328207111852,2.5,1,2,0.4485676196478394,0.33788038518115115,13.543732763817397,14.46539081648577,0.9317397181537811
117,30.435445938493285,16.713352946226337,30.545398137606814,16.476724943134634,30.379383935666283,15.726189629476993,93.0086502807038,93.37740909130633,0.3687588106025146,2.5,1,2,0.4354459384932845,0.3793839356662829,13.29378061714961,14.27885130759095,0.988753944162318
118,30.42071774418097,16.96291872972299,31.13558751234175,17.321192930536405,30.530624651001375,16.045190289688875,93.37740909130633,94.7185893220447,1.3411802307383596,2.5,1,2,0.4207177441809691,0.530624651001375,13.043867964222743,13.964894434661652,0.924286220720767
119,30.400152279629832,17.212071417181495,30.828288218664515,17.706528005300765,30.590157364534004,16.377457832811253,94.7185893220447,95.24517997375224,0.5265906517075223,2.5,1,2,0.40015227962983246,0.5901573645340044,12.79418771498056,13.635319607979463,0.8559683215544748
120,30.377297818148957,17.461024572595157,30.17372327670523,17.496297700800337,30.506870546968248,16.60122580640907,95.24517997375224,94.50824655682214,-0.7369334169300998,2.5,1,2,0.377297818148957,0.5068705469682477,12.54465058949999,13.408358126266698,0.8695073377429298
121,30.357647172949868,17.710251080301017,30.308799255209113,18.462850478766303,30.467256288616422,16.973550740880516,94.50824655682214,94.15719374365105,-0.35105281317109416,2.5,1,2,0.3576471729498678,0.4672562886164222,12.294951809973123,13.034826762932685,0.7448097396916115
122,30.339523904693714,17.959593309270993,30.739435182761014,18.50497652247905,30.52169206744534,17.279835897200222,94.15719374365105,94.63950587679841,0.4823121331473601,2.5,1,2,0.3395239046937135,0.5216920674453398,12.045192807091562,12.73085768577245,0.7037438303711476
123,30.319302356732102,18.20877414520754,30.282219663604895,18.830596326340082,30.47379758667725,17.589987983028195,94.63950587679841,94.21518354976304,-0.42432232703538375,2.5,1,2,0.31930235673210206,0.47379758667725014,11.795548361722776,12.41905320121167,0.6377813814940393
124,30.300926735277855,18.458097903674656,29.422715842067518,18.104089659405886,30.263581237755304,17.692808318303733,94.21518354976304,92.34789927128232,-1.8672842784807244,2.5,1,2,0.3009267352778551,0.26358123775530373,11.545824392444413,12.310013897592091,0.7662002581978196
125,30.290684959048157,18.707888027618058,29.989140890187965,18.730650398176763,30.208693168241837,17.90037673427834,92.34789927128232,91.8593617692027,-0.4885375020796232,2.5,1,2,0.29068495904815705,0.2086931682418367,11.29585280278689,12.101422891993476,0.8116631953161437
126,30.282573386767005,18.95775639775547,30.112565883488173,18.435504289070902,30.189467711291105,18.00740224523685,91.8593617692027,91.6881757829156,-0.1711859862871279,2.5,1,2,0.2825733867670053,0.18946771129110473,11.045858567364476,11.99409433517896,0.9549040171740873
127,30.275208396075108,19.207647888030966,29.49870537135999,19.09430499933136,30.05131524330488,18.224782796055752,91.6881757829156,90.45734646555732,-1.230829317358257,2.5,1,2,0.27520839607510794,0.05131524330488091,10.795860492336528,11.775329016815625,1.0080436165567626
128,30.27321286685472,19.457639923630364,30.668519844424065,19.57416995946884,30.174756163528716,18.49466022873837,90.45734646555732,91.5571617087645,1.0998152432071606,2.5,1,2,0.27321286685472046,0.17475616352871626,10.545899736411654,11.506666892235385,0.9679998012417694
129,30.26641930353823,19.70754760157857,30.88911606718974,18.929298707846772,30.317628144260922,18.58158792456005,91.5571617087645,92.82861672344758,1.2714550146830845,2.5,1,2,0.2664193035382283,0.31762814426092234,10.295899942164784,11.422828982462248,1.1271235689310266
130,30.254082147676904,19.95724300519116,30.626517197632726,19.43759341951175,30.379405954935283,18.752789023550392,92.82861672344758,93.37760466076514,0.5489879373175768,2.5,1,2,0.25408214767690396,0.37940595493528306,10.045970624810227,11.253608471393028,1.210956419759206
131,30.239353101514055,20.206808738414157,30.268806775365753,19.250583494739395,30.357286119021378,18.852347917788194,93.37760466076514,93.18110303635636,-0.19650162440876784,2.5,1,2,0.2393531015140553,0.35728611902137786,9.796115811545192,11.153376184675498,1.359585345327442
132,30.225480051017296,20.456423518565323,31.03747794653435,19.603190094586676,30.49332448452397,19.00251635314789,93.18110303635636,94.38824116523948,1.2071381288831162,2.5,1,2,0.2254800510172963,0.4933244845239706,9.54623974716746,11.008542846799045,1.4783729861617019
133,30.206351450768647,20.70569063764148,30.153852366999367,20.327422607166994,30.42543006101905,19.26749760395171,94.38824116523948,93.7861998236018,-0.6020413416376869,2.5,1,2,0.20635145076864703,0.4254300610190498,9.296599778653459,10.740930984695924,1.454783365186389
134,30.189843058393762,20.95514498813711,30.03615383762802,20.394688276706418,30.347574816340845,19.492935738502652,93.7861998236018,93.09480870867014,-0.6913911149316618,2.5,1,2,0.18984305839376248,0.3475748163408454,9.046847106724062,10.51281159577157,1.4706920810222797
135,30.17634597333827,21.20478037964842,30.444313101681548,21.241922057053575,30.366922473408987,19.842733002212835,93.09480870867014,93.26671709922597,0.17190839055581364,2.5,1,2,0.17634597333827173,0.3669224734089873,8.796987329337814,10.163892215378361,1.3753154041013118
136,30.162099952260952,21.454374151372523,29.949162519433262,21.480729879016238,30.283370482613844,20.170332377573516,93.26671709922597,92.52395566599772,-0.742761433228253,2.5,1,2,0.1620999522609523,0.2833704826138437,8.547163128152702,9.83375128818074,1.2897557204342893
137,30.151090679550155,21.704131625563747,30.456625373154722,22.40898227643475,30.31802146072202,20.618062357345764,92.52395566599772,92.83211367849748,0.30815801249974584,2.5,1,2,0.15109067955015476,0.31802146072201865,8.297244149681177,9.387326114508449,1.0988231618737356
138,30.13873828395751,21.953826275732954,29.945430763180035,22.241426484697797,30.243503321213623,20.942735182816172,92.83211367849748,92.16922935661582,-0.6628843218816769,2.5,1,2,0.13873828395751175,0.24350332121362328,8.047369751199513,9.060537502600939,1.0165042602994478
139,30.129275496360663,22.203647122843233,30.886160062834687,21.66679681452713,30.372034669537836,21.087547509158362,92.16922935661582,93.31213043436185,1.1429010777460462,2.5,1,2,0.1292754963606626,0.37203466953783604,7.7974245965645546,8.920214077971865,1.1421954140291324
140,30.114831648704865,22.453229524596434,29.616627909415683,22.72932595650959,30.220953317513406,21.41590319862861,93.31213043436185,91.96851059872968,-1.3436198356321825,2.5,1,2,0.11483164870486462,0.22095331751340552,7.547644063942552,8.58693998254528,1.0427404831196576
141,30.106244090573515,22.703081988753464,29.955064017251374,22.437011800086186,30.167775457460998,21.620124918920123,91.96851059872968,91.49498906549204,-0.47352153323765833,2.5,1,2,0.10624409057351514,0.16777545746099776,7.297691434257541,8.38155444882569,1.0847037034199978
142,30.09972171035563,22.952996891382927,29.431204266663467,22.17559727052581,30.02046121930149,21.73121938924126,91.49498906549204,90.1823636190227,-1.312625446469326,2.5,1,2,0.09972171035563093,0.020461219301491695,7.047708651212459,8.268805926514116,1.2243457396428807
143,30.098926000302175,23.20299562507074,30.341973134775287,23.009071110955123,30.08476360239625,21.986789733584033,90.1823636190227,90.75542681719216,0.5730631981694501,2.5,1,2,0.0989260003021748,0.0847636023962508,6.797724238768683,8.013658567850607,1.216288347391944
144,30.09562992449571,23.452973895894985,30.073146660975365,23.22267688009516,30.082440214112072,22.23396716288626,90.75542681719216,90.73472271007587,-0.020704107116273462,2.5,1,2,0.09562992449571084,0.08244021411207214,6.547724481855628,7.7664703962631405,1.2190780875647842
145,30.09242417976,23.702953341451394,30.54098011234879,23.25032169430609,30.174148193759414,22.437238069170224,90.73472271007587,91.55174705814372,0.8170243480678323,2.5,1,2,0.09242417975999828,0.17414819375941448,6.297724894669699,7.56476672580178,1.26835088400252
146,30.085654233619344,23.952861660299032,30.04891003568948,24.320273276908367,30.149100562145428,22.813845110717853,91.55174705814372,91.32864691543679,-0.2231001427069259,2.5,1,2,0.08565423361934421,0.14910056214542777,6.047744930733959,7.187701515114953,1.1407822477682816
147,30.0798574373643,24.202794445569747,30.0123699634882,24.75260995446846,30.121754442413984,23.201598079467974,91.32864691543679,91.08502827221396,-0.2436186432228169,2.5,1,2,0.07985743736429995,0.12175444241398381,5.79775555285141,6.7994920999543105,1.0020726134006102
148,30.075123391374753,24.452749619168074,29.55852122257217,24.891859295730782,30.009107798445623,23.539650322720536,91.08502827221396,90.08117480971288,-1.0038534625010698,2.5,1,2,0.07512339137475266,0.009107798445622706,5.547759035103416,6.460356097361615,0.9154825960567314
149,30.07476919956845,24.70274936826428,29.55403816989873,24.92625579766723,29.918093872736243,23.816971417709876,90.08117480971288,89.27003665574765,-0.8111381539652314,2.5,1,2,0.07476919956845052,0.0819061272637569,5.2977782785455085,6.183571060730197,0.8995275069314647
150,30.077954179349533,24.952729079248577,29.691378491185453,25.076392229075132,29.872750796426086,24.068855579982927,89.27003665574765,88.86601706223347,-0.40401959351419237,2.5,1,2,0.07795417934953264,0.12724920357391412,5.047872878900674,5.932509291261992,0.9073812820790016
151,30.082901790309037,25.202680116745512,29.58104959774111,25.510659332483158,29.81441055668909,24.357216330482974,88.86601706223347,88.34636057629743,-0.5196564859360251,2.5,1,2,0.08290179030903744,0.18558944331090999,4.798036136702734,5.6458348348527245,0.887071900362168
152,30.090116151783846,25.452576001042374,30.65009887081298,25.728659254502677,29.98154821951387,24.631504915286914,88.34636057629743,89.83554569551737,1.4891851192199397,2.5,1,2,0.09011615178384602,0.018451780486131497,4.5483168257178495,5.368526794455968,0.8282177997248233
153,30.09083371806915,25.702574971237507,30.09868879269232,25.169746533441664,30.00497633414956,24.739153238917865,89.83554569551737,90.04435244913022,0.20880675361286194,2.5,1,2,0.09083371806914897,0.004976334149560557,4.298384887626116,5.260849114685762,0.9672398485790868
154,30.090640194021315,25.952574896334383,29.861466850147576,25.39014161684383,29.976274437349165,24.86935091450306,90.04435244913022,89.78854268795543,-0.25580976117478826,2.5,1,2,0.09064019402131507,0.02372556265083503,4.04843989884435,5.130703942036969,1.0892445644177904
155,30.091562848507422,26.202573193745984,29.480728121323544,26.223048090716055,29.87716517414404,25.14009034974566,89.78854268795543,88.90534610284784,-0.8831965851075836,2.4445846940908833,1,2,0.09156284850742225,0.12283482585596062,3.7985305190406686,4.861461735227208,1.083898591459296
156,30.096233020366096,26.446987049246534,30.000979770108398,26.874403629678888,29.90192809333691,25.486953005732303,88.90534610284784,89.1259845916938,0.22063848884596382,2.3056449826627703,1,2,0.09623302036609616,0.0980719066630904,3.5543159429671745,4.5141124566569255,0.9794997546574993
157,30.099750017786516,26.67752472206797,30.143447992341404,27.20738866329374,29.95023207313781,25.831040137244592,89.1259845916938,89.55644341338538,0.43045882169158745,2.1677027641068296,1,2,0.0997500177865156,0.04976792686219156,3.3239723281817373,4.169256910267074,0.8595881386545435
158,30.101428133073686,26.89428850286229,30.717745970821575,26.71583376747686,30.103734852674563,26.007998863291046,89.55644341338538,90.92447498108503,1.3680315676996315,2.097339487780603,1,2,0.1014281330736857,0.10373485267456317,3.1073673052331907,3.993348719451507,0.8862926413812984
159,30.098044194903114,27.10399515090306,30.81073457575089,26.75540144155229,30.24513479728983,26.157479378943297,90.92447498108503,92.18374920315125,1.2592742220662103,2.040132762697467,1,2,0.09804419490311389,0.245134797289829,2.8976640160907525,3.8503319067436665,0.9578766892868171
160,30.090270394133192,27.307860265417304,30.001052079309407,27.33723131210203,30.196318253693743,26.393429765575043,92.18374920315125,91.74917752561748,-0.4345716775337678,1.944763771006095,1,2,0.09027039413319216,0.19631825369374312,2.693652742017046,3.6119094275152377,0.9205592254489344
161,30.08433416510687,27.50224602218751,29.96399810664611,27.57984686960092,30.149854224284216,26.63071318638022,91.74917752561748,91.33536043278617,-0.41381709283132295,1.8490470663971932,1,2,0.08433416510687053,0.14985422428421558,2.4991773016499628,3.372617665992983,0.873992197931366
162,30.08002508548156,27.6871005119093,30.653430647175707,27.741665260121604,30.250569508862515,26.852903601128496,91.33536043278617,92.23211513355426,0.8967547007680992,1.7628222882139255,1,2,0.08002508548155873,0.2505695088625153,2.3142834865928923,3.1570557205348138,0.851451634740682
163,30.07315926203279,27.863248985268022,30.466306231167547,28.024088700112127,30.29371685332352,27.087140620925222,92.23211513355426,92.61598410185913,0.38386896830485284,1.671052132208651,1,2,0.07315926203278877,0.29371685332352016,2.138003081517732,2.927630330521627,0.8068394166615969
164,30.06553230030371,28.030180054096967,30.129588113563074,27.837718387189316,30.26089110537143,27.23725617417804,92.61598410185913,92.3239628216275,-0.29202128023160867,1.6100138821459336,1,2,0.06553230030370827,0.26089110537143156,1.9709097142336391,2.775034705364834,0.8166353788951185
165,30.05900374517499,28.191049022437532,29.62377949735254,28.615012217004626,30.133468783767654,27.512807382743357,92.3239628216275,91.18939325691137,-1.1345695647161165,1.4963084688249009,1,2,0.05900374517499074,0.13346878376765403,1.8099130037570543,2.490771172062252,0.6823172017380551
166,30.055897807180425,28.34064763034531,30.711408728317775,27.721357526936128,30.24905677267768,27.554517411581912,91.18939325691137,92.21865293397288,1.0292596770615035,1.483252916905729,1,2,0.055897807180425474,0.24905677267767956,1.6602936040129224,2.4581322922643225,0.8095128824206291
167,30.050155672037985,28.488861732370385,29.187005977436414,29.261545541346337,30.036646613629426,27.895923037534796,92.21865293397288,90.32661588563063,-1.892037048342246,1.3417584297901437,1,2,0.050155672037984544,0.03664661362942567,1.511970388378098,2.104396074475359,0.5930925648601716
168,30.049390803756108,28.623035395269035,29.664254516256324,28.242217759903802,29.962168194154806,27.9651819820086,90.32661588563063,89.66282123366815,-0.663794651962462,1.3140678705735502,1,2,0.049390803756107715,0.037831805845193855,1.3778501276182316,2.0351696764338754,0.6636105009446943
169,30.05016411241833,28.754439906905624,30.52113079460917,28.332050005036184,30.07396071424568,28.038555586614116,89.66282123366815,90.65915886077468,0.9963376271065272,1.2851353385555309,1,2,0.05016411241832941,0.07396071424567907,1.2465698470940123,1.962838346388827,0.7162797207081628
170,30.048685662056442,28.88294493625689,30.224949827544883,29.03798337895821,30.10415853690552,28.238441145082934,90.65915886077468,90.92825015467729,0.2690912939025907,1.2058542172598559,1,2,0.048685662056442425,0.10415853690551913,1.1181155168961727,1.7646355431496394,0.6468866799383217
171,30.046732140509157,29.003514533114465,30.760036021244254,29.62509172550603,30.235334033773267,28.515771261167554,90.92825015467729,92.09651999794944,1.1682698432721565,1.2,1,2,0.04673214050915675,0.23533403377326678,0.9975806627389332,1.502769794954686,0.5229380206795882
172,30.042342179076726,29.123434207224353,29.773822235679287,29.58085388578314,30.14303167415447,28.72878778609067,92.09651999794944,91.27458479237637,-0.8219352055730837,1.2,1,2,0.04234217907672644,0.1430316741544715,0.8775878583898962,1.2792335801579358,0.4072888067853511
173,30.03967291509969,29.243404516175445,30.17518009349204,28.809770538930703,30.149461358021984,28.74498433665868,91.27458479237637,91.33186083941166,0.05727604703528755,1.2,1,2,0.03967291509968973,0.14946135802198413,0.7576349162599484,1.2638840978403967,0.5103686682671932
174,30.036883723484767,29.363372096838454,30.247718961178403,29.335008696910432,30.16911287865327,28.862989208709028,91.33186083941166,91.5069008900317,0.1750400506200549,1.2,1,2,0.03688372348476676,0.1691128786532694,0.6376954572066261,1.1495184666800784,0.5175592567130084
175,30.033728041473104,29.48333059662501,30.028191998156437,28.780376761137504,30.140928702553904,28.846466719194723,91.5069008900317,91.25585082442876,-0.2510500656029535,1.2,1,2,0.03372804147310404,0.14092870255390366,0.5177691118302444,1.1621101191922016,0.6458231802217226
176,30.031098004260702,29.603301771930838,29.909440560694886,30.671445415373647,30.0946310741821,29.211462458430507,91.25585082442876,109.19219382203954,17.93634299761078,1.2,2,3,0.3979152799556859,0.7941955015393365,20.035025748434922,20.110096704440515,0.39695654494925214
177,30.009732720541468,29.72138447452354,29.317316250887377,29.72729204032178,29.939168109523155,29.314628374808763,100.25585082442876,117.70102138843076,17.445170564002012,1.2,2,3,0.27878546749366745,0.6853716251912374,20.011672347870988,19.950943816382285,0.41283155037296143
178,29.97015827450788,29.834671116371265,29.97370206217035,29.330749855525248,29.946074900052594,29.31785267095206,109.25585082442876,118.08634257897126,8.830491754542493,1.2,2,3,0.1653288836287352,0.6821473290479396,19.970842624903376,19.95773606642385,0.5173792752427148
179,29.913662082755433,29.940539810126644,29.792571981147862,28.9189266844533,29.91537431627165,29.238067473652308,118.08634257897126,110.42622661296365,-7.660115966007595,1.2,2,3,0.05946018987335577,0.7619325263476924,19.91375085362753,19.929944187877673,0.7024744232036692
180,29.871781957601662,30.052994490407656,29.005916639232026,29.22273123192874,29.733482780863724,29.235000225307594,110.42622661296365,105.16814242180992,-5.258084191153728,1.2,2,3,0.0529944904076558,0.7649997746924058,19.87185262089261,19.748305429021613,0.8296030858326053
181,29.840383649198746,30.168813945722537,29.964664113156118,30.415102680730488,29.779719047322203,29.47102071639217,105.16814242180992,127.30436729685066,22.13622487504074,1.2,2,3,0.16881394572253683,0.5289792836078284,19.841101821614224,19.786791166671946,0.7004252885355718
182,29.79125375154134,30.278295693772943,29.49556277736,29.828805508253513,29.72288779332976,29.54257767476444,114.16814242180992,130.546637692494,16.378495270684084,1.2,2,3,0.27829569377294305,0.4574223252355587,19.793210289164104,19.728191455171455,0.738887615091755
183,29.725602005762553,30.37874393057279,28.58116856735642,30.39855835335009,29.494543948135092,29.71377381048157,123.16814242180992,125.11016735803803,1.9420249362281083,1.2,2,3,0.37874393057278866,0.2862261895184304,19.729237731212258,19.49664507491832,0.7039695210793613
184,29.65658395454344,30.476909650688906,29.515557154234173,30.575420030043038,29.49874658935491,29.886103054393864,125.11016735803803,131.44544284415042,6.33527548611238,1.2,2,3,0.47690965068890634,0.11389694560613606,19.662368513913446,19.49907923646904,0.6115268334876163
185,29.57715516364826,30.566860010204195,29.045931958646136,31.271104720527156,29.408183663213155,30.163103387620524,131.44544284415042,121.52183879297678,-9.92360405117364,1.2,2,3,0.566860010204195,0.16310338762052368,19.585360210441074,19.40886899899289,0.4376879918840179
186,29.512775609344473,30.668128331942267,29.525438429976077,30.227804124466218,29.431634616565738,30.176043534989663,122.44544284415042,123.4433087368387,0.9978658926882815,1.2,2,3,0.6681283319422668,0.1760435349896632,19.52421080219563,19.43243204537012,0.4987296944247494
187,29.44664221403104,30.76826011522968,29.600649934719858,30.01289342734472,29.465437680196562,30.143413513460676,123.4433087368387,127.55721565742846,4.113906920589756,1.2,2,3,0.7682601152296797,0.14341351346067555,19.461811760604068,19.465965979561847,0.6251292228736806
188,29.373495809719042,30.863389519391724,29.18344505993032,30.48136897970766,29.409039156143315,30.211004606710073,127.55721565742846,120.22908630283504,-7.328129354593415,1.2,2,3,0.863389519391724,0.21100460671007326,19.392724959411886,19.41018608640209,0.6533524345785213
189,29.313080773829622,30.967071839188687,28.962869596159653,31.325834411689144,29.319805244146583,30.433970567705888,120.22908630283504,102.51090826047769,-17.71817804235735,1.2,2,3,0.9670718391886872,0.43397056770588804,19.33727790870833,19.324678655164973,0.5331436805942849
190,29.269629035516573,31.078928651397753,28.75082092503377,30.308094077593143,29.206008380324022,30.40879526968334,111.22908630283504,93.33770567191708,-17.89138063091798,1.2,2,3,1.078928651397753,0.40879526968333835,19.2998106260458,19.21035844219446,0.6731465940306961
191,29.244210520785213,31.196205670070857,29.27708342275117,31.274441642788165,29.22022338880945,30.581924544304304,102.22908630283504,85.70268061439947,-16.526405688435574,1.2,2,3,1.1962056700708565,0.5819245443043037,19.281352301470193,19.22903074236977,0.6147492854598906
192,29.237451117827444,31.316015145788157,29.825661261294,30.951948592087465,29.341310963306363,30.655929353860937,93.22908630283504,90.89973693802403,-2.3293493648110086,1.2,2,3,1.3160151457881568,0.6559293538609374,19.282412229146647,19.352430159971416,0.6682066448390717
193,29.23556679063779,31.436000350338727,29.27074765942868,31.63480264140332,29.327198302530824,30.851704011369414,90.89973693802403,84.02528684376591,-6.874450094258123,1.2,2,3,1.4360003503387269,0.8517040113694136,19.289093466600765,19.34595549328937,0.5914376938484271
194,29.248057534492215,31.555348502054468,28.856060606538993,30.883638671531116,29.232970763332457,30.858090943401756,84.02528684376591,83.19588295316625,-0.8294038905996786,1.2,2,3,1.5553485020544677,0.8580909434017556,19.310795628714153,19.252103377302678,0.6974207580523878
195,29.262274572718557,31.674503341755045,29.567401767803172,31.991122154762326,29.2998569642266,31.08469718567387,83.19588295316625,83.78435006833062,0.5884671151643772,1.2,2,3,1.6745033417550452,1.0846971856738712,19.334921338250865,19.330314193623828,0.5910023163260141
196,29.275267080344992,31.7937979130715,28.672717203193766,31.37560284252677,29.17442901202003,31.142878317044453,83.78435006833062,82.6820072353437,-1.1023428329869205,1.2,2,3,1.7937979130715007,1.1428783170444525,19.358554490756045,19.208459042426224,0.6586840187187823
197,29.290552211133388,31.912820452015946,28.78532035468594,31.83749553717183,29.09660728055321,31.28180176106993,82.6820072353437,82.00073482127627,-0.6812724140674504,1.2,2,3,1.9128204520159464,1.2818017610699286,19.3851563494369,19.139577460914854,0.6601509103386706
198,29.30725145921864,32.03165283444341,29.847405154681915,31.954404356131082,29.24676685537895,31.41632228008216,82.00073482127627,83.31714757940733,1.3164127581310652,1.2,2,3,2.0316528344434133,1.4163222800821593,19.413850008414155,19.298808335914703,0.6182961090223457
199,29.321216278505727,32.150837497140756,29.267161801902482,32.250332976380356,29.250845844683656,31.5831244193418,83.31714757940733,83.35301257414758,0.03586499474025118,1.2005728941994893,2,3,2.1508374971407562,1.5831244193418001,19.440563274244433,19.31583155504547,0.5720578088447618
200,29.335113121314123,32.27008778226756,29.13089303711396,32.475048227394566,29.226855283169716,31.761509180952352,83.35301257414758,83.14214874237469,-0.21086383177288326,1.2694847468525423,2,3,2.2700877822675594,1.761509180952352,19.467919713035958,19.307378865981022,0.5199730312578079
201,29.35027159435814,32.39612799775407,29.776278096342303,32.332324350276814,29.33673984580423,31.875672214817243,83.14214874237469,84.10941901761419,0.9672702752395139,1.295794977574623,2,3,2.3961279977540713,1.8756722148172429,19.498062471872544,19.42749737155433,0.5206316646260706
202,29.36357021036317,32.52502327715339,29.883829207200645,32.31726631919203,29.446157718083516,31.9639910356922,84.10941901761419,85.07594146266979,0.9665224450556025,1.316235462255129,2,3,2.5250232771533874,1.9639910356921995,19.5275086440086,19.545084056735554,0.5670783652992085
203,29.374868154528084,32.65616104584962,29.314253513831193,32.493136664219506,29.41977687723305,32.06982016139766,85.07594146266979,84.84263304297052,-0.23330841969925586,1.3598431831650843,2,3,2.656161045849622,2.069820161397658,19.556091314647603,19.529769314102094,0.588058182627283
204,29.387091993035273,32.79159484000808,30.274293602076085,32.29560925802377,29.59068022220166,32.11497798072288,84.84263304297052,86.3567831410251,1.5141500980545857,1.3616889962801662,2,3,2.791594840008081,2.114977980722877,19.587045149720062,19.704514290575798,0.7065822962147283
205,29.395744612870462,32.92748855360769,29.642005576281658,32.376046861278056,29.60094529301766,32.167191756833915,86.3567831410251,86.44791213985071,0.0911289988256101,1.3814501478861874,2,3,2.927488553607688,2.1671917568339154,19.615430107932827,19.720389866601522,0.7875014528985527
206,29.404303514794258,33.06536817613693,30.0158740531304,33.230575886855824,29.683931045040207,32.3798685828383,86.44791213985071,87.18524615025325,0.7373340104025488,1.460306122514703,2,3,3.0653681761369285,2.3798685828382986,19.644935147501247,19.82727706613993,0.740338603669994
207,29.411474634813736,33.21122260614235,29.386620767086516,32.771352424619124,29.62446898944947,32.45816535119447,87.18524615025325,86.65681280327382,-0.5284333469794262,1.4946738507630022,2,3,3.21122260614235,2.4581653511944666,19.675296646409596,19.77782495654355,0.7825994022080093
208,29.420191052481638,33.360435619196124,29.824787366548563,32.926145436291236,29.664532664869288,32.55176136821382,86.65681280327382,87.01279762753919,0.35598482426536293,1.529487205418166,2,3,3.3604356191961244,2.5517613682138176,19.708788599648887,19.829405714948184,0.8447821421798591
209,29.428161653907836,33.51317651296162,29.977525678378598,33.64013059421259,29.72713126757115,32.76943521341357,87.01279762753919,87.56946815817471,0.5566705306355288,1.613138176251801,2,3,3.5131765129616213,2.7694352134135727,19.743248832489552,19.92057929502248,0.8015821545839272
210,29.43500266020611,33.674345208401014,29.66087874360978,33.85692050298724,29.713880762778874,32.98693227132831,87.56946815817471,87.45159354358385,-0.11787461459084625,1.7002418830492778,2,3,3.6743452084010144,2.986932271328307,19.779285657291016,19.93887808083909,0.7418285126291062
211,29.442562517037867,33.844201245012705,29.129757591884882,33.90547482274936,29.597056128600077,33.17064078161252,87.45159354358385,86.41338362489249,-1.038209918691365,1.7784569905646856,2,3,3.844201245012705,3.1706407816125193,19.81895861141758,19.851890889120014,0.6910513540030205
212,29.453688079870282,34.02169860985102,29.459052907139302,34.919557087221975,29.569455484307923,33.52042404273441,86.41338362489249,86.16841784696051,-0.2449657779319807,1.9186615675716332,2,3,4.021698609851022,3.520424042734412,19.8650456736793,19.88358552658378,0.5144689335306585
213,29.466509323016222,34.213135904631734,28.9831614092575,34.27217651224811,29.452196669297837,33.670774536637154,86.16841784696051,85.12937240694008,-1.0390454400204305,1.9845699276465003,2,3,4.213135904631734,3.670774536637154,19.91721615522547,19.795518203872955,0.542550187125039
214,29.483359540285786,34.41087626003537,29.471993020178346,34.89461362530807,29.456155939473938,33.91554235437134,85.12937240694008,85.16440753267426,0.03503512573416856,2.081252075593026,2,3,4.410876260035373,3.9155423543713397,19.976414301805736,19.84624588858061,0.4960803503440906
215,29.500903840569993,34.6182606845931,29.20521865002596,34.739845424872655,29.405968481584342,34.0804029684716,85.16440753267426,84.72058139446743,-0.44382613820681627,2.149366512573022,2,3,4.618260684593103,4.080402968471603,20.040298958598793,19.830312682692544,0.5461718092113242
216,29.520680786058538,34.83228553474104,29.643094398169605,34.596406067661746,29.453393664901395,34.18360358830963,84.72058139446743,85.13996409931559,0.41938270484814666,2.1876643016755266,2,3,4.83228553474104,4.18360358830963,20.10989711163293,19.898167354451086,0.652162421716905
217,29.539215103845596,35.05026541920844,29.639842977711915,35.60444695028996,29.4906835274635,34.467772260705694,85.13996409931559,85.47008903280494,0.33012493348934413,2.2986836183266157,2,3,5.0502654192084435,4.4677722607056936,20.181330671657914,19.996192971194997,0.584511414438282
218,29.55736999686031,35.27941572715337,29.101909796888688,35.772770450000934,29.412928781348537,34.728771898564744,85.47008903280494,84.78209716486101,-0.6879918679439356,2.40602985430657,2,3,5.279415727153371,4.7287718985647444,20.257417199983966,19.98056774814885,0.5692731248717601
219,29.579251335389404,35.519021661183224,29.107056504844024,35.948936999823765,29.351754326047633,34.97280491881655,84.78209716486101,84.24186009054127,-0.540237074319748,2.5,2,3,5.519021661183224,4.97280491881655,20.342238887373174,19.98047007095452,0.5916989258914636
220,29.60433368889134,35.76776022985082,29.309434535348274,35.92267176464592,29.343290367907763,35.16277828798243,84.24186009054127,84.16719276617982,-0.0746673243614282,2.5,2,3,5.767760229850822,5.162778287982427,20.435189195464982,20.020418624695537,0.6588981449488152
221,29.62974017478069,36.01646590022195,29.400568927941272,35.75620769564042,29.354746079914463,35.281464169514024,84.16719276617982,84.26825744533046,0.10106467915062467,2.5,2,3,6.016465900221952,5.281464169514024,20.53106332506752,20.062404132900543,0.7847606618294174
222,29.654707926603518,36.265215998450905,30.604348454265867,36.23445286552251,29.604666554784743,35.47206190871572,84.26825744533046,86.48095241188754,2.2126949665570805,2.5,2,3,6.2652159984509055,5.472061908715723,20.629117169363703,20.354026929753065,0.7947311173957834
223,29.67005301640575,36.51474461047558,29.470869061582064,36.74265484559747,29.577907056144205,35.72618049609207,86.48095241188754,86.24341414263385,-0.23753826925369026,2.5,2,3,6.5147446104755815,5.72618049609207,20.720832102208963,20.398127065317695,0.7939296193529839
224,29.68643247330252,36.76420746019827,29.461540631470307,36.5791906897684,29.554633771209424,35.89678253482734,86.24341414263385,86.03692704127701,-0.20648710135685633,2.5,2,3,6.764207460198271,5.896782534827338,20.816102567255523,20.42439096250287,0.8773807035877836
225,29.703710856005898,37.01360966045151,30.060208909249667,37.042976559121016,29.655748798817473,36.126021339686076,86.03692704127701,86.93472807835784,0.8978010370808249,2.5,2,3,7.0136096604515075,6.126021339686076,20.914754169395906,20.588263605668732,0.8888832241014247
226,29.717079248688453,37.26325197673039,30.11591571377571,37.85623927689507,29.74778218180912,36.472064927127875,86.93472807835784,87.75321644993264,0.8184883715748015,2.5,2,3,7.263251976730388,6.4720649271278745,21.012330745934367,20.781302305705882,0.791782556994622
227,29.726880179022395,37.513059786385305,29.477718141142162,37.86059688199696,29.693769373675728,36.74977131810169,87.75321644993264,87.27272703848547,-0.4804894114471665,2.5,2,3,7.5130597863853055,6.749771318101693,21.10914183360628,20.818356443057564,0.7640062900562059
228,29.738775658999245,37.762776621132424,29.333303782366983,37.76476106832186,29.62167625541398,36.95276926814573,87.27272703848547,86.63200734512031,-0.6407196933651562,2.5,2,3,7.762776621132424,6.95276926814573,21.210374003913774,20.817088642947855,0.8184278723336201
229,29.753462837520512,38.01234482180528,29.766688099698477,37.57910154976448,29.65067862427088,37.07803572446948,86.63200734512031,86.88967037204496,0.2576630269246607,2.5,2,3,8.012344821805279,7.07803572446948,21.316588930145784,20.886544953898976,0.9399457877227712
230,29.767027546096855,38.26197654791644,30.31466328788687,38.10235383596459,29.78347555699408,37.2828993467685,86.88967037204496,88.07091687882189,1.1812465067769153,2.5,2,3,8.26197654791644,7.282899346768502,21.424183403025495,21.081426137938184,0.9792153506099434
231,29.77544316890897,38.51183486235221,30.376441729713303,38.681892285859384,29.902068791537925,37.56269793458668,88.07091687882189,89.12723829792567,1.0563214191037673,2.5,2,3,8.51183486235221,7.56269793458668,21.529502670770242,21.29053175082552,0.9575463205267712
232,29.77925116296447,38.76180585903237,30.282199192889323,38.49723859726011,29.978094871808203,37.74960606712136,89.12723829792567,89.80476742747663,0.677529129550976,2.5,2,3,8.761805859032371,7.749606067121363,21.633030728009548,21.428501321896814,1.0315460432241599
233,29.780103024115434,39.01180440769332,30.023564250047936,39.08858541339528,29.98718874745615,38.017401936376146,89.80476742747663,89.88581759766325,0.08105017018661442,2.5,2,3,9.011804407693319,8.017401936376146,21.73626219769952,21.53523735267029,1.0157365661298443
234,29.78060123850281,39.26180391125767,30.09375630134759,39.38147767879983,30.008502258234437,38.290217084860885,89.88581759766325,90.07577783564192,0.1899602379786529,2.5,2,3,9.261803911257672,8.290221444721148,21.841547496623193,21.657974557467092,0.9979578327877869
235,29.78027059541621,39.51180369260788,28.99869105227866,39.307508876763166,29.806540017043282,38.493675443241344,90.07577783564192,88.27627392574983,-1.7995039098920813,2.5,2,3,9.511803692607877,8.493675443241344,21.948428515832198,21.550906013016203,1.018467090617455
236,29.78779063476193,39.76169056502866,30.584621456278587,39.42981071097044,29.962156304890343,38.68090249678716,88.27627392574983,89.66271527216732,1.3864413464174845,2.5,2,3,9.761690565028658,8.680902496787162,22.064615584517703,21.767998357671722,1.0947630955473953
237,29.789262308516445,40.01168623334385,29.370813906898498,40.88939837798934,29.843887825291972,39.122601673027596,89.66271527216732,88.60889605038936,-1.0538192217779567,2.5,2,3,10.011686233343852,9.122601673027596,22.177663626951247,21.840369623875343,0.890761080467565
238,29.795331548225786,40.26161255114442,29.645790146744854,40.120994854974725,29.80426828958255,39.322280309417025,88.60889605038936,88.25604528881584,-0.3528507615735066,2.5,2,3,10.261612551144417,9.322280309417025,22.29699179831189,21.888671788235786,0.9393747525320688
239,29.80293981124001,40.51149675299381,30.309601334588255,40.426401499496976,29.90533489858369,39.54310454743302,88.25604528881584,89.15634152331107,0.9002962344952152,2.5,2,3,10.511496752993807,9.543104547433018,22.41981242463446,22.074718612657566,0.9737906436719395
240,29.80662083276539,40.76146965168591,29.585003242098992,40.89490550046062,29.84126856728675,39.81346473803854,89.15634152331107,88.58556544091661,-0.5707760823944454,2.5,2,3,10.761469651685907,9.81346473803854,22.541327775379443,22.13549250692035,0.9486378559845764
241,29.812791840953608,41.011393477396744,29.69512727621751,41.069169399889866,29.812040309072902,40.0646056704088,88.58556544091661,88.3252531428682,-0.2603122980484045,2.5,2,3,11.011393477396744,10.064605670408802,22.667101862545493,22.221908750356135,0.9467881052596742
242,29.820098262133662,41.26128668700745,28.888973258422585,40.870184429041956,29.62742689894284,40.225721422135436,88.3252531428682,86.68308674123188,-1.6421664016363309,2.5,2,3,11.261286687007448,10.225721422135436,22.79589596764306,22.13145420609465,1.053336447676264
243,29.834562943888027,41.510867882175965,29.658316929496326,41.525797226282116,29.633604905053538,40.48573658296477,86.68308674123188,86.73796801350218,0.05488127227030759,2.5,2,3,11.510867882175965,10.485736582964769,22.9327269764406,22.258236975445023,1.0446426728765388
244,29.848788555474556,41.76046281797193,30.1021319583877,41.48954841099732,29.72731031572037,40.68649894857128,86.73796801350218,87.57106108838875,0.8330930748865626,2.5,2,3,11.760462817971927,10.686498948571277,23.071256853774525,22.435864861211442,1.080812359066916
245,29.859383626628457,42.01023820600534,29.945492328517183,41.97415855690311,29.77094671827973,40.94403087023765,87.57106108838875,87.95938537760873,0.3883242892199803,2.5,2,3,12.01023820600534,10.944030870237647,23.208639335268856,22.59783498093945,1.0698687627943546
246,29.868285605364083,42.2600796652842,29.82135513169637,42.34373341830322,29.78102840096306,41.22397137985076,87.95938537760873,88.04913116316294,0.08974578555421431,2.5,2,3,12.260079665284202,11.22397137985076,23.346484238433693,22.743496172211874,1.0397760330300514
247,29.876796231809145,42.509934761765166,30.163565254232342,43.26785502922265,29.857535771616917,41.632748109725135,88.04913116316294,88.73047017592364,0.6813390127607022,2.5,2,3,12.509934761765166,11.632748109725135,23.48585736532696,23.01396435874009,0.8773980783224993
248,29.882335147403584,42.7598733950615,29.875265923843585,42.96847578994826,29.86108180206225,41.89989364576976,88.73047017592364,88.7620596681493,0.03158949222566321,2.5,2,3,12.759873395061497,11.899893645769758,23.62459777375433,23.153186370969326,0.8602423343919318
249,29.88773626083502,43.00981504419925,29.27534674782384,42.5668071657245,29.74393479121457,42.033276349760705,88.7620596681493,87.71897940997638,-1.043080258172921,2.5,2,3,13.00981504419925,12.033276349760705,23.765044520572758,23.12190953942696,0.9870697464722236
250,29.897686461835477,43.25961695271888,29.80655223360831,42.709328357073915,29.75645827969332,42.16848675122335,87.71897940997638,87.83042889508374,0.1114494851073573,2.5,2,3,13.25961695271888,12.168486751223348,23.91098844185118,23.203226361261937,1.1002320282771523
251,29.907150739521843,43.509437743382655,29.286994889443765,43.43203663052015,29.662565601643408,42.42119672708271,87.83042889508374,86.99531371975581,-0.8351151753279282,2.5,2,3,13.509437743382655,12.421196727082709,24.058253442600044,23.25731313311623,1.1153880038930637
252,29.920255148270837,43.75909405608341,29.282611056563375,43.92835365665632,29.5865746926274,42.722628112997434,86.99531371975581,86.32034110990895,-0.6749726098468614,2.5,2,3,13.759094056083413,12.722628112997434,24.210106038932597,23.355923751620377,1.088854580582512
253,29.93629965448284,44.00857867248373,29.22648946925883,43.94727615845934,29.514557647953687,42.967557722089815,86.32034110990895,85.6816049523156,-0.638736157593371,2.5,2,3,14.00857867248373,12.967557722089815,24.365884353671603,23.430226492098598,1.1232056531331587
254,29.955124372827886,44.25786892495909,30.472128964217607,45.24161668739117,29.70607191120647,43.42236951515009,85.6816049523156,87.38213714939525,1.7005321970796672,2.5,2,3,14.25786892495909,13.422369515150088,24.525370843604865,23.843013097569507,0.8718293367574175
255,29.96654298046178,44.5076080196153,30.139007398511076,44.6803798994839,29.792659008667393,43.67397159201685,87.38213714939525,88.15267714115109,0.7705399917558395,2.5,2,3,14.507608019615297,13.673971592016848,24.6806306451321,24.05674229260201,0.8515781403171975
256,29.974602050566137,44.757478088629284,30.471669196057075,44.41314364937536,29.92846104614533,43.82180600348855,88.15267714115109,89.36242274277674,1.2097456016256558,2.5,2,3,14.757478088629284,13.821806003488547,24.834811990728948,24.252543801956193,0.9368090751057957
257,29.97738394874589,45.00746261023516,31.275759230018437,45.649997282606506,30.19792068291995,44.18744425931214,89.36242274277674,91.76344604378815,2.4010233010114064,2.5,2,3,15.007462610235159,14.188824729617899,24.986392365309886,24.682778906043264,0.8491563736854786
258,29.9696906785843,45.257344209386076,29.605190514952294,44.3094543950334,30.079374649326418,44.21184628645639,91.76344604378815,90.70740464951704,-1.0560413942711193,2.5,2,3,15.257344209386076,14.212067942590904,25.13115791446991,24.599956527967215,1.0512356920729249
259,29.9666041219338,45.507325154996025,29.339514081186625,45.630703398947496,29.93140253569846,44.49561770895461,90.70740464951704,89.38863617392434,-1.3187684755927194,2.5,2,3,15.507325154996025,14.495617708954612,25.28126606055947,24.64515651815191,1.0123196669279535
260,29.96927164923748,45.757310923187106,30.083725514104486,45.40478800159204,29.961867131379666,44.6774517674821,89.38863617392434,89.66013805211989,0.2715018781955507,2.5,2,3,15.757310923187106,14.677451767482097,25.437465631053566,24.777080735179826,1.0798845415342517
261,29.970754568039503,46.00730652505207,29.889833891867177,46.61514876026888,29.94746048347717,45.064991166039455,89.66013805211989,89.53174269485807,-0.12839535726180884,2.5,2,3,16.007306525052073,15.064991166039455,25.594235683134695,24.997102603556478,0.9426032305305746
262,29.972797703225485,46.257298176109884,30.660913676457874,46.36090374651747,30.09015112207331,45.32417368213506,89.53174269485807,90.80343515061992,1.2716924557618654,2.5,2,3,16.257298176109884,15.32443885644926,25.752910361373043,25.267458739413907,0.940474957758601
263,29.969292170935862,46.50727359738839,30.15465122814887,45.95597566827847,30.103051143288422,45.45053407936374,90.80343515061992,90.91838287616905,0.11494772554914334,2.5,2,3,16.50727359738839,15.450877738035254,25.908738128809674,25.354519687961954,1.0651712874649695
264,29.965285141277974,46.757241482752335,29.185505451625133,46.37916473742889,29.919542004955765,45.63626021097677,90.91838287616905,89.28294133218182,-1.6354415439872128,2.5,2,3,16.757241482752335,15.636260210976772,26.06564315116377,25.323522406501283,1.1219141884262582
265,29.968413818275252,47.00722190474623,30.483807311673065,46.67662070889045,30.032395066299227,45.84433231055951,89.28294133218182,90.28872431233998,1.005782980158159,2.5,2,3,17.00722190474623,15.844365427739936,26.229432844329022,25.54094200415736,1.1646483625397264
266,29.967154026136786,47.25721873057362,30.012336092379453,47.00328152279562,30.02838327151527,46.07612215300673,90.28872431233998,90.25296928214848,-0.03575503019149551,2.5,2,3,17.25721873057362,16.076147209095083,26.39126443007859,25.68224756420486,1.1826826057864555
267,29.966050243002922,47.50721629388733,30.639495240948534,47.90536936920384,30.150605665401923,46.44197159624615,90.25296928214848,91.34205412907717,1.0890848469286993,2.5,2,3,17.507216293887332,16.442661342927924,26.55458123689905,26.00740930301004,1.0811137635741812
268,29.960194962629977,47.75714771586495,30.680231330775342,47.47209020042565,30.256530798476607,46.64799531708205,91.34205412907717,92.2851636550503,0.9431095259731137,2.5,2,3,17.757147715864953,16.64997165547596,26.71564481627286,26.21989298351954,1.1480566063277498
269,29.95022669844811,48.00694890423122,29.558862183462157,48.27861596356907,30.116997075473716,46.974119446379454,92.2851636550503,91.04264201612108,-1.2425216389292189,2.5,2,3,18.006948904231223,16.974522652953354,26.874927984258225,26.321365889987078,1.046206981270743
270,29.945677565507044,48.25690751158349,29.75122508942143,48.44838951037327,30.043842678263257,47.26897345917822,91.04264201612108,90.3907495638744,-0.6518924522466705,2.5,2,3,18.256907511583492,17.26902911324893,27.039687968497063,26.457004245469086,0.992799114254411
271,29.943972612113424,48.50690169778374,29.628886425305605,48.6036112150035,29.960851427671727,47.535901010343274,90.3907495638744,89.6510857403071,-0.7396638235672981,2.5,2,3,18.50690169778374,17.535901010343274,27.207856475734374,26.56959566802142,0.971147377808594
272,29.945495028363414,48.75689706223829,29.496539782771627,49.010460591185435,29.86798909869171,47.830812926511705,89.6510857403071,88.8235948406554,-0.827490899651707,2.5,2,3,18.756897062238288,17.830812926511705,27.3796267200609,26.695971239982814,0.9293217933411052
273,29.950627703558297,49.0068443679756,30.941142685962514,49.2655790681266,30.08261981614587,48.11776615483468,88.8235948406554,90.73632318117745,1.912728340522051,2.5,2,3,19.006844367975603,18.117954533426037,27.555175169002894,27.047459568712323,0.898822555829114
274,29.947414976025417,49.256823723886846,30.19497476549395,48.518742498134486,30.105090806015486,48.19796142349465,90.73632318117745,90.93655696768428,0.20023378650682844,2.5,2,3,19.256823723886846,18.198264863676105,27.72588364973449,27.11789955525921,1.0705377333634334
275,29.943328657323256,49.50679032565489,30.17280038270998,49.23848306676615,30.118632721354384,48.40606575214895,90.93655696768428,91.05721510449155,0.12065813680726478,2.5,2,3,19.50679032565489,18.40644806025884,27.897154456020676,27.267978272126843,1.1145968336513743
276,29.938715947964617,49.756747767857306,29.61701026434438,49.747352541807665,30.018308229952382,48.67432311008069,91.05721510449155,90.16317489542757,-0.8940402090639736,2.5,2,3,19.756747767857306,18.674332084735394,28.06922649479948,27.376322032169938,1.0853469818978805
277,29.93800396413162,50.00674675401329,29.905725012808347,49.707319321679655,29.995791586523573,48.88092235240048,90.16317489542757,89.96249177614665,-0.20068311928093863,2.5,2,3,20.006746754013292,18.880922352400482,28.245245931890018,27.501289243398446,1.1273065211239386
278,29.938167624620636,50.25674670044378,29.985863379206755,50.758434271775286,29.99380594506021,49.25642473627544,89.96249177614665,89.94479440724251,-0.017697368904123323,2.5,2,3,20.256746700443777,19.25642473627544,28.42298920088122,27.759001599347297,1.0018680824833848
279,29.938408504423148,50.50674658439759,30.211647387500225,50.906995720881255,30.037374233548213,49.58653893319661,89.94479440724251,90.33310071186254,0.38830630462001636,2.5,2,3,20.50674658439759,19.58657459115707,28.60186688252981,28.02015120510395,0.925514093285502
280,29.936955086569878,50.75674235951498,29.927324700546276,49.74604517664837,30.015364326947825,49.61844018188696,90.33310071186254,90.13693701980382,-0.1961636920587182,2.5,2,3,20.75674235951498,19.618446198229346,28.78062771211198,28.026737311195046,1.1409994989347452
281,29.936357586672848,51.006741645501705,29.448207818654154,51.545363209367025,29.90193302528909,50.003824787382975,90.13693701980382,89.12602853836226,-1.010908481441561,2.5,2,3,21.006741645501705,20.003824787382975,28.9610350019564,28.21772393846481,1.0035074861331181
282,29.940170858687,51.25671256172306,29.844498481015343,50.70175751694689,29.89044611643434,50.14341133329576,89.12602853836226,89.02367614951196,-0.1023523888503064,2.5,2,3,21.256712561723063,20.14341133329576,29.145466934076477,28.308777205190726,1.1144111338324993
283,29.944430668970064,51.50667626712117,30.542562115212533,51.422049840503455,30.02086931618998,50.399139034737296,89.02367614951196,90.18600081711155,1.1623246675995915,2.5,2,3,21.506676267121172,20.399149709899703,29.33116838395816,28.582513562220175,1.1101718731373749
284,29.94361908872806,51.756674949792725,29.964488269277957,51.8689147826754,30.009593106807575,50.69309418432491,90.18600081711155,90.08550019714477,-0.1005006199667946,2.5,2,3,21.756674949792725,20.693096407957892,29.514417616263692,28.78520389403804,1.0656249883212445
285,29.9432460238787,52.00667467143781,29.81298045343242,51.6003803439954,29.970270576132545,50.87455141625901,90.08550019714477,89.73503314214094,-0.3504670550038327,2.5,2,3,22.006674671437807,20.87455141625901,29.698935874260812,28.888727969815257,1.1324457564674595
286,29.944402155777347,52.25667199814158,29.71011965651656,52.33858712002132,29.91824039220935,51.167358557011475,89.73503314214094,89.27134232488545,-0.46369081725549677,2.5,2,3,22.256671998141577,21.167358557011475,29.885424972454974,29.065329322113776,1.0896275560482545
287,29.947581438963603,52.506651781641004,30.49856090878504,52.53877636362583,30.034304495524488,51.44164211833434,89.27134232488545,90.30574197980609,1.0343996549206338,2.5,2,3,22.506651781641004,21.441669560207817,30.07416465480179,29.344801470620347,1.0685347310573625
288,29.946247394242498,52.75664822226503,30.042932499461465,52.41128069352549,30.036030096311883,51.63556983337257,90.30574197980609,90.32112124160018,0.0153792617940951,2.5,2,3,22.756648222265028,21.63559983412943,30.260829853529195,29.487970157931468,1.1246678121261346
289,29.944846245836953,53.006644295800484,29.7721008452496,52.178448409577975,29.983244246099428,51.74414554861365,90.32112124160018,89.85066171890374,-0.4704595226964443,2.5,2,3,23.006644295800484,21.744145548613652,30.44835912694747,29.531981244721134,1.2630825361283713
290,29.94549785627526,53.25664344660672,29.638262043073105,53.37705867121133,29.914247805494163,52.07072817313319,89.85066171890374,89.23576373034399,-0.6148979885597328,2.5,2,3,23.256643446606716,22.07072817313319,30.638119216709047,29.72699627865157,1.1863269370336362
291,29.948832367189365,53.5066212076915,30.083936681235475,53.864417682606,29.948185580642427,52.429466075027754,89.23576373034399,89.53820482584247,0.302441095498466,2.5,2,3,23.506621207691502,22.429466075027754,30.830458209636035,30.01684620959656,1.0771553268478478
292,29.95084730693846,53.75661308759525,30.007180446853244,53.28468131987816,29.959984553884592,52.60050912399784,89.53820482584247,89.64335986731285,0.10515504147036836,2.5,2,3,23.756613087595248,22.60050912399784,31.022781526782467,30.15267809092952,1.1561400710672542
293,29.952403433029776,54.00660824449151,29.457741483222566,54.33982263943185,29.85953593975219,52.94837182708464,89.64335986731285,88.74828839958268,-0.8950714677301903,2.5,2,3,24.00660824449151,22.948371827084642,31.215631375304042,30.34845856475154,1.0623034813243266
294,29.957864620774426,54.25654858823061,29.214373100094726,54.218269550951156,29.730503371820696,53.202351371857944,88.74828839958268,87.5994692462858,-1.14881915329687,2.5,2,3,24.256548588230608,23.202351371857944,31.41172567106672,30.457213800487168,1.0784363256742022
295,29.96833584802484,54.50632919876688,30.649783093696485,54.62969351956262,29.914359316195853,53.48781980139888,87.5994692462858,89.23675741260826,1.6372881663224348,2.5,2,3,24.506329198766878,23.487819801398878,31.611621396851,30.793820581368948,1.0199386542901547
296,29.971666023567327,54.75630701764459,29.88697647107139,55.099494494932635,29.90888274717096,53.81015474010563,89.23675741260826,89.18795574945895,-0.04880166314930534,2.5,2,3,24.756307017644588,23.81015474010563,31.807894946204666,31.036866481466458,0.9482330262584286
297,29.975209116408923,55.00628190936997,30.50760950326793,54.86972847761484,30.028628098390353,54.022069487607475,89.18795574945895,90.2551513020575,1.0671955525985481,2.5,2,3,25.006281909369967,24.02208654624863,32.00504826078458,31.276281204309978,0.9856610364560037
298,29.974095812510722,55.256279430466535,30.839159774274542,55.36680202957476,30.19073443356719,54.29101599600093,90.2551513020575,91.6994558052043,1.4443045031467818,2.5,2,3,25.256279430466535,24.291764813247333,32.20006450610255,31.5866936396453,0.9892753863558839
299,29.966681624942407,55.50616946592754,30.073415362004585,56.00920670712205,30.16727061925467,54.63465413822515,91.6994558052043,91.49049265913237,-0.20896314607193744,2.5,2,3,25.50616946592754,24.63522201990555,32.39186712643202,31.836849541690306,0.8943013536048178
300,29.960178857340264,55.75608487964489,29.55932510131783,55.04047411235547,30.0456815156673,54.715818133051215,91.49049265913237,90.40713773270484,-1.0833549264275462,2.5,2,3,25.756084879644888,24.715860348912333,32.58503718494863,31.822963617702687,1.0437746924741829
301,29.958402398804154,56.00607856795535,30.59286855327391,56.136537249385924,30.155118923188624,54.99996195631816,90.40713773270484,91.3822566041403,0.9751188714354555,2.5,2,3,26.00607856795535,25.000443190025383,32.78191496534725,32.112722036993866,1.0251673166747977
302,29.95237175161649,56.2560058199598,29.408211949962826,55.95681085423347,30.005737528543463,55.19133173590122,91.3822566041403,90.0511367240362,-1.3311198801040973,2.5,2,3,26.256005819959803,25.191332389285364,32.97688554324782,32.16881609088523,1.0660106994833576
303,29.95214862559533,56.50600572038934,29.81051154211153,56.92342701789012,29.966692331257075,55.537750792299,90.0511367240362,89.70314216943504,-0.3479945546011436,2.5,2,3,26.50600572038934,25.537750792299,33.17614465285498,32.41674749540194,0.9683641490398137
304,29.953443906438586,56.75600236486189,29.656924163917445,56.64514068704545,29.90473869778915,55.75922877124829,89.70314216943504,89.15102893759568,-0.5521132318393711,2.5,2,3,26.756002364861892,25.75922877124829,33.37699186978788,32.55359411058586,0.9979628220905641
305,29.957148105963352,57.00597492116734,30.955283283705736,57.12051746325405,30.114847614972465,56.03148650964944,89.15102893759568,91.02349079685783,1.8724618592621596,2.5,2,3,27.005974921167343,26.031739854967928,33.57991128585774,32.897498149184905,0.987166044454732
306,29.952682522397268,57.25593503511238,29.545731819949804,57.055594144609735,30.001024455967933,56.236308036641496,91.02349079685783,90.00913064487419,-1.0143601519836238,2.5,2,3,27.25593503511238,26.236308056642596,33.77862540835319,32.99067805732047,1.020772334339099
307,29.952642682443464,57.50593503193794,29.928343555152853,57.50905792448254,29.986488275804916,56.49085801420971,90.00913064487419,89.87957454639367,-0.12955609848052063,2.5,2,3,27.505935031937938,26.490858014209707,33.980647609992005,33.184714431917385,1.0156411158032292
308,29.953168137223745,57.75593447973188,29.7121361328729,57.607847762494686,29.93161784721851,56.714255963866705,89.87957454639367,89.39055495812093,-0.48901958827275394,2.5,2,3,27.755934479731877,26.714255963866705,34.18363376757202,33.33047947015685,1.0419014086824037
309,29.955827292727076,58.00592033711587,29.77695002761073,57.59031106011875,29.900684283296954,56.88946698311712,89.39055495812093,89.11490152705136,-0.2756534310695713,2.5,2,3,28.005920337115867,26.889466983117117,34.38846633489244,33.45266311640387,1.11781431514544
310,29.95968910976668,58.25589050807463,30.34271737646536,57.71848099382014,29.989090901930634,57.05526978525772,89.11490152705136,89.90277082791536,0.7878693008640028,2.5,2,3,28.25589050807463,27.05526978525772,34.594573819644616,33.63854007293904,1.2009806765472315
311,29.960113351858528,58.50589014811167,30.0302378370384,58.86055039589676,29.99732028895219,57.41632590738553,89.90277082791536,89.97611660286155,0.07334577494617633,2.5,2,3,28.505890148111668,27.416325907385527,34.79930887467811,33.934462497569015,1.090199335368089
312,29.960217562834668,58.75589012639181,29.701222387682733,58.26372665891494,29.938100708698297,57.58580605769141,89.97611660286155,89.44832867034785,-0.5277879325137178,2.5,2,3,28.75589012639181,27.585806057691407,35.004449747379425,34.03681177376576,1.170293075713679
313,29.962624645914584,59.00587853802532,30.369872776428462,59.09977650063256,30.02445512224433,57.888600146279636,89.44832867034785,90.21795954960004,0.7696308792521904,2.5,2,3,29.00587853802532,27.888610868454393,35.21146649198744,34.33296988409022,1.1189879411615609
314,29.961673620264175,59.2558767291192,29.815277572514216,59.113136414741675,29.982619612298308,58.133507399972046,90.21795954960004,89.84509459895591,-0.3728649506441286,2.5,2,3,29.2558767291192,28.133507399972046,35.41715314521156,34.507960316339926,1.1225647623155326
315,29.962349521760093,59.505875815431864,30.7718365912612,59.04932846359161,30.140463008090887,58.316671612695956,89.84509459895591,91.25170222735755,1.4066076284016447,2.5,2,3,29.505875815431864,28.317019989361572,35.624319025977215,34.748699851959046,1.202468731326373
316,29.95688837490337,59.755816160064356,29.26040504928123,59.95399478631645,29.964451416328956,58.64413624742006,91.25170222735755,89.68317019193812,-1.5685320354194232,2.5,2,3,29.755816160064356,28.644136247420057,35.82856386962643,34.91512368180475,1.1117056389946216
317,29.958270798687877,60.0058123378441,30.98154109132405,59.975004814146544,30.167869351327976,58.91030996076535,89.68317019193812,91.49582534125454,1.812655149316413,2.5,2,3,30.005812337844098,28.910797328102934,36.03722169268428,35.249808172524325,1.1153730369046961
318,29.95174477077137,60.25572714524781,30.289909255562943,60.33700048919892,30.19227733217497,59.195648066452065,91.49582534125454,91.71319496920559,0.21736962795102954,2.5,2,3,30.25572714524781,29.196281211698768,36.241980416165006,35.49808346769714,1.0870250992483166
319,29.944270661373515,60.50561539564928,30.220737380419152,60.72136225908235,30.197969341823807,59.500790904978125,91.71319496920559,91.76387931408304,0.050684344877453213,2.5,2,3,30.50561539564928,29.501455148509915,36.44676258436953,35.7526870256278,1.0363567327492809
320,29.93657550160919,60.755496936616595,30.588580980089855,60.77939532628711,30.276091669477015,59.75651178923992,91.76387931408304,92.45920456637775,0.6953252522947082,2.5,2,3,30.755496936616595,29.757792600815154,36.65197995401608,36.0079142307939,1.055103100612847
321,29.9258484917561,61.00526669311167,29.65666014905969,60.47899140240429,30.15220536539355,59.90100771187279,92.45920456637775,91.35630383378368,-1.1029007325940654,2.5,2,3,31.005266693111672,29.901395095525743,36.85601715903929,36.058031605655806,1.1272201789755387
322,29.919931052554386,61.255196651126504,29.57705491005638,61.31270211583758,30.037175274326113,60.18334659266575,91.35630383378368,90.33132751223249,-1.0249763215512075,2.5,2,3,31.255196651126504,30.18336948609297,37.06333728685411,36.2287565962048,1.0782433655539827
323,29.918485371614018,61.5051924711048,30.088966558461287,61.72298140248509,30.04753353115315,60.491273554629615,90.33132751223249,90.42364328048198,0.09231576824947751,2.5,2,3,31.5051924711048,30.491310605151742,37.27362622740857,36.491387527277794,1.0220983302337638
324,29.916636895932474,61.75518563728671,30.332949794775917,62.071147500532035,30.104616783877702,60.8072483438101,90.42364328048198,90.93233328521873,0.5086900047367635,2.5,2,3,31.755185637286708,30.807425974733093,37.484186533829956,36.7869836565023,0.9663961665050489
325,29.91256900407077,62.0051525396074,29.87566196419584,61.32323303797248,30.05882581994133,60.91044528264258,90.93233328521873,90.52428088817854,-0.40805239704019414,2.5,2,3,32.0051525396074,30.91050125844504,37.6940339234927,36.848502287691225,1.1044342599901742
326,29.91028142906832,62.255142073389536,29.068078687488082,62.57798422960088,29.86067639345068,61.24395307203424,90.52428088817854,88.75844808364666,-1.7658328045318967,2.5,2,3,32.255142073389536,31.243953072034238,37.90532280246729,37.02203493019862,1.0124049861693452
327,29.91569829732112,62.50508338157674,30.51820478411742,62.46181273756165,29.99218207158403,61.48752500513972,88.75844808364666,89.93032136503061,1.1718732813839665,2.5,2,3,32.50508338157674,31.487525005139723,38.12106352547337,37.298144389938024,1.0204287418446403
328,29.91600232764581,62.755083196707794,29.91399002527886,62.91531229072201,29.976543662322996,61.77308246225618,89.93032136503061,89.79094217082368,-0.13937919420692424,2.5,2,3,32.755083196707794,31.773082462256177,38.334613914033916,37.531201231056116,0.983865181652451
329,29.916914512483316,63.0050815325399,29.415613628227092,62.75111006134631,29.864357655503817,61.9686879820742,89.79094217082368,88.79124298225118,-0.9996991885724924,2.5,2,3,33.0050815325399,31.9686879820742,38.548915557602584,37.63761039653007,1.0377253079030384
330,29.92218831871093,63.25502590028575,29.579422309260572,62.810227692868715,29.807370586255168,62.136995924233105,88.79124298225118,88.28366985140998,-0.5075731308411946,2.5,2,3,33.25502590028575,32.136995924233105,38.76583979529991,37.75074087452353,1.1239102006114923
331,29.929676101783464,63.504913741335805,29.826307573253995,63.461834037620285,29.811157983654933,62.401963546910544,88.28366985140998,88.31739600998715,0.0337261585771671,2.5,2,3,33.504913741335805,32.401963546910544,38.98424341110587,37.978536337629635,1.1092996329700333
332,29.93701679145988,63.75480594664656,29.59733534392234,63.78834860498841,29.768393455708413,62.67924055852612,88.31739600998715,87.93665814928245,-0.3807378607046985,2.5,2,3,33.75480594664656,32.67924055852612,39.202953498923,38.193221169491764,1.088703234808566
333,29.946017872846063,64.00464385516703,30.591628748021762,63.890468098481314,29.933040514171083,62.921486066517154,87.93665814928245,89.40323332395678,1.4665751746743467,2.5,2,3,34.00464385516703,32.921486066517154,39.422828826717186,38.48571616804693,1.083235526998202
334,29.94862171160731,64.25463029484668,29.415925250491494,63.867887568530776,29.829617461435166,63.110766366919876,89.40323332395678,88.48179092600702,-0.921442397949761,2.5,2,3,34.25463029484668,33.110766366919876,39.639969788452646,38.59451487027149,1.1500376938044967
335,29.955245373199936,64.50454253365683,29.906096388063784,63.7991168864651,29.84491324676089,63.24843647082892,88.48179092600702,88.61802994941502,0.13623902340799532,2.5,2,3,34.50454253365683,33.24843647082892,39.85944396703937,38.720525687627386,1.2609423536377853
336,29.961274770425607,64.75446981581925,29.887103793014752,64.36828763172069,29.85335135601166,63.47240670300727,88.61802994941502,88.69319468147164,0.07516473205663488,2.5,2,3,34.75446981581925,33.47240670300727,40.0789927847385,38.91731710378782,1.2865975628034965
337,29.96697628993956,65.0044047927137,29.917858931646737,65.46624565120055,29.866252871138677,63.87117449264593,88.69319468147164,88.80812701435092,0.11493233287927751,2.5,2,3,35.0044047927137,33.87117449264593,40.298740638575374,39.267346035240195,1.1376977279078269
338,29.972176441845292,65.25435070370277,29.82668368486641,65.75019656194284,29.858339033884224,64.2469789065053,88.80812701435092,88.73762589840712,-0.0705011159437845,2.5,2,3,35.25435070370277,34.246978906505305,40.51860159684522,39.58799304596419,1.0137834548068656
339,29.977684142331334,65.50429002681011,29.80823579321926,65.32586883449464,29.84831838575123,64.46275689210317,88.73762589840712,88.64836158458904,-0.08926431381809152,2.5,2,3,35.50429002681011,34.46275689210317,40.73895523940943,39.76980456761581,1.0495364546636785
340,29.98358123048886,65.75422046583517,29.877352523113817,65.32482292514564,29.85412521322375,64.63517009871167,88.64836158458904,88.70008825226884,0.05172666767981582,2.5,2,3,35.754220465835175,34.63517009871167,40.95983154158588,39.922190517919454,1.1265134639965022
341,29.989252678907995,66.00415612690183,29.994361330506205,66.05868721154853,29.88217243668024,64.91987352127904,88.70008825226884,88.9499585824033,0.24987033013445625,2.5,2,3,36.00415612690183,34.919873521279044,41.18093589358495,40.18330931548586,1.0895572252670807
342,29.99383409244503,66.25411414467682,29.94625805973074,66.03476680163286,29.89498956129034,65.14285217734981,88.9499585824033,89.06415912891597,0.11420054651267719,2.5,2,3,36.25411414467682,35.14285217734981,41.40186220608287,40.383544529955664,1.1156493182746485
343,29.997917287003435,66.50408079749715,29.973061768914185,66.09170785690556,29.91060400281511,65.33262331326095,89.06415912891597,89.20329372122566,0.13913459230968783,2.5,2,3,36.50408079749715,35.33262331326095,41.62288566027146,40.55645968219746,1.1747068770415698
344,30.001393461913338,66.75405662874489,30.257712285690513,66.71236895889815,29.98002565939019,65.6085724423884,89.20329372122566,89.82197573048111,0.6186820092554512,2.5,2,3,36.754056655160156,35.60857244238839,41.84395319621768,40.83101586704294,1.1456834659614654
345,30.002170238076378,67.00405542197956,30.08260767062013,67.48652862070873,30.000542061636178,65.98416367805245,89.82197573048111,90.00483122016462,0.1828554896835044,2.5,2,3,37.00405548562033,35.98416368213523,42.06408125593525,41.16894118590066,1.0198930435536808
346,30.002149157901712,67.25405542109081,29.128782669985235,67.56145408796212,29.82619018330599,66.29962176003438,90.00483122016462,88.45126658000856,-1.553564640156054,2.5,2,3,37.254055483082446,36.299621760034384,42.28416507692512,41.361097145822676,0.9705179926711062
347,30.00890595937819,67.50396409567776,29.8442848100238,67.2255287667316,29.829809108649552,66.48480316137383,88.45126658000856,88.48349781801683,0.032231238008250784,2.5,2,3,37.50396515311413,36.48480316137383,42.5076891936168,41.52544028676487,1.0347776050689188
348,30.015522175860976,67.75387653170176,30.28796895433878,66.98700304509246,29.9214410777874,66.58524313811756,88.48349781801683,89.29986456575571,0.8163667477388685,2.5,2,3,37.75387972260499,36.58524313811756,42.731444173387864,41.65745827689123,1.1724142875344266
349,30.018577016969047,68.00385786689662,29.218272270775984,68.00705001187521,29.780807316385115,66.86960451286909,89.29986456575571,88.04716299362042,-1.2527015721352939,2.5,2,3,38.00386240729802,36.86960451286909,42.953889678952265,41.84074658778607,1.1589068563256006
350,30.027096226191187,68.25371267088131,30.57305614742053,68.35606270888303,29.9392570825922,67.16689615207187,88.04716299362042,89.45863411942456,1.4114711258041552,2.5,2,3,38.25372226740581,37.16689615207187,43.179058771115734,42.177626089961464,1.0903604269714113
351,30.02945834531242,68.50370151141875,29.38133571860964,68.58735914217797,29.827672809795686,67.45098875009309,89.45863411942456,88.46447118023687,-0.9941629391876745,2.5,2,3,38.503712780387026,37.45098875009309,43.401776826381614,42.37585594901783,1.071877586388335
352,30.036157551719565,68.75361173656674,29.86056753475854,68.31974676040574,29.83425175478826,67.62474035215561,88.46447118023687,88.52306667187236,0.058595491635486496,2.5,2,3,38.75362860426246,37.62474035215561,43.626712368294406,42.53255963658251,1.1467853126792131
353,30.04260117541533,69.00352868219802,29.162419316834384,68.8837854994669,29.699885267197484,67.87654938161786,88.52306667187236,87.32711505329169,-1.195951618580665,2.5,2,3,39.00355194752384,37.87654938161786,43.85180853214385,42.6933071171452,1.1779374082190155
354,30.05425960638002,69.25325669622016,29.555717942255672,69.06416627157876,29.67105180220912,68.11407275961004,87.32711505329169,87.07074583684452,-0.25636921644718313,2.5,2,3,39.25329419761146,38.11407275961004,44.079377146455215,42.89094101707309,1.2019102556380903
355,30.067035321643626,69.50293004501715,30.223883855225605,69.53117708282798,29.78161821281242,68.39749362425363,87.07074583684452,88.0543818898652,0.9836360530206889,2.5,2,3,39.50298692347032,38.39749362425363,44.30764481149514,43.19351728838565,1.14168848919661
356,30.07552305071503,69.75278592038376,30.002398796870644,70.28280940223127,29.825774329624064,68.77455677984915,88.0543818898652,88.44756292440925,0.39318103454405673,2.5,2,3,39.752857660337455,38.77455677984915,44.53437564614162,43.54913984504087,1.0096071885033568
357,30.082296006520156,70.0026941576823,29.72214745715176,70.01436110225606,29.805048955129603,69.02251764433053,88.44756292440925,88.26299669005168,-0.18456623435758956,2.5,2,3,40.002778809799686,39.022517644330534,44.76063172885929,43.76067695336954,1.0186323796302463
358,30.089873952317852,70.25257928076385,30.023879380941683,70.26607802306982,29.84881504029202,69.2712297200784,88.26299669005168,88.6527856510877,0.3897889610360039,2.5,2,3,40.25267961367895,39.271229720078395,44.98747797081093,44.00232882735744,1.010522814846167
359,30.09575174219725,70.50251017438474,30.049233457197225,70.59917691205273,29.888898723673062,69.53681915847326,88.6527856510877,89.00988879887323,0.3571031477855513,2.5,2,3,40.50262335728728,39.536819158473264,45.213853723280025,44.25752322046888,0.9875967342416154
360,30.100071702288602,70.75247284748777,29.748568188485073,71.21711925437089,29.860832616635463,69.87287917765279,89.00988879887323,88.75983979744821,-0.25004900142502606,2.5,2,3,40.752595715252625,39.87287917765279,45.43981652276306,44.545473015130376,0.9115483333964848
361,30.10548249946841,71.0024142871769,29.542161419960184,71.01808756848163,29.797098377300408,70.10192085581856,88.75983979744821,88.19220355542416,-0.5676362420240366,2.5,2,3,41.002549968690765,40.10192085581856,45.66649104008013,44.72235638343363,0.9518346425324353
362,30.113369190786056,71.252289856411,30.275871890677923,71.52986646520701,29.89285307997591,70.38750997769625,88.19220355542416,89.0451225450367,0.8529189896125331,2.5,2,3,41.25244563623797,40.387509977696254,45.89443363418064,45.02084590342591,0.8924525722730124
363,30.117535436804676,71.5022551387886,30.353302121513515,71.24045233561083,29.98494288828343,70.55809844927917,89.0451225450367,89.86580107493474,0.8206785298980321,2.5,2,3,41.502421570120575,40.55809844927917,46.12106258160361,45.214569466814254,0.9534215427966577
364,30.118120989543044,71.75225445304363,31.06547057549129,71.43066692161018,30.201048425725002,70.73261214374537,89.86580107493474,91.7912957869796,1.9254947120448662,2.5,2,3,41.75242154031156,40.733108309117284,46.34640810312698,45.46677962591236,1.0230089924251922
365,30.11030626041749,72.00213228321009,30.52935982702668,71.43866797853485,30.26671070598534,70.87382331070327,91.7912957869796,92.37574384203842,0.5844480550588287,2.5,2,3,42.002277126453116,40.87469347451155,46.568267459978216,45.622461517049814,1.139097663957209
366,30.099943092537828,72.25191740036381,30.181090881753374,72.56937756817898,30.249586741138945,71.21293416219841,92.37574384203842,92.22336927749426,-0.15237456454417497,2.5,2,3,42.25203560337551,41.21368990759081,46.78923205536104,45.91896890659252,1.0497044301875245
367,30.090244248516743,72.50172919437013,30.670102542976537,72.72087866582658,30.333689901506464,71.51452306292404,92.22336927749426,92.97140347622249,0.7480341987282486,2.5,2,3,42.50182500241566,41.515864125565535,47.01079555247533,46.22677330457619,1.0167800804128388
368,30.07728486595311,72.7513930772278,29.732211270846218,72.06445136629411,30.213394175374415,71.62450872359805,92.97140347622249,91.90121521730089,-1.070188258921604,2.5,2,3,42.751462933964575,41.625055718340775,47.231122976616504,46.27289736519587,1.1350744867922455
369,30.068990771887254,73.00125545535549,30.493943981877766,73.4280775545142,30.269504136675085,71.98522248978128,91.90121521730089,92.40059755710497,0.49938233980407176,2.5,2,3,43.00131079936222,41.98608745758672,47.45389721971038,46.62200880982204,1.0356295653331191
370,30.058519253407862,73.25103605368277,29.801471650317243,73.04334154753886,30.175897639403516,72.1968463013328,92.40059755710497,91.56732775258773,-0.8332698045172435,2.5,2,3,43.251075642346585,42.197212914573534,47.67595111118708,46.77222127859646,1.0607043506362344
371,30.05168134884517,73.50094252230892,29.897051979210996,73.42395979882771,30.120128507365013,72.44226900083179,91.56732775258773,91.0705419658684,-0.4967857867193288,2.5,2,3,43.50097322234346,42.4424390062264,47.89991571229379,46.96983892980525,1.0608838949603452
372,30.04701050010818,73.75089888484462,29.93453754930959,73.84676760860168,30.083010315753928,72.72316872238576,91.0705419658684,90.73980300048603,-0.33073896538235203,2.5,2,3,43.75092414131407,42.723249366053174,48.125084760687386,47.20801255109264,1.0283604784093103
373,30.043782590258964,74.00087804517204,29.955611360433846,74.66458656977889,30.057530524689913,73.1114522918644,90.73980300048603,90.51273728570102,-0.22706571478499882,2.5,2,3,44.00089982785935,43.111490677950016,48.35111673241551,47.54894162294853,0.8895319984958358
374,30.04154538166162,74.25086803476701,30.01725641726425,73.90910215579454,30.04947570320478,73.27098226465043,90.51273728570102,90.44095224677163,-0.07178503892939148,2.5,2,3,44.250887537416716,43.27101054970752,48.57780216431747,47.69024409793989,0.9799178600662118
375,30.039621383517094,74.50086063111966,29.331699604759084,74.53784816504134,29.90592048351564,73.52435544472861,90.44095224677163,89.16155952803908,-1.279392718732538,2.5,2,3,44.50087826958438,43.52435544472861,48.804846297320225,47.86037178266718,0.9856157008235111
376,30.04327963965467,74.75083386401077,30.065950204733635,74.50264452862004,29.93792642775924,73.72001326150689,89.16155952803908,89.44677550506837,0.2852159770292815,2.5,2,3,44.75085479241153,43.72001326150689,49.03437763689561,48.05164377859595,1.0361903366675185
377,30.045693499381557,75.00082221030159,29.811122120315996,74.25785348251978,29.91256556627059,73.82758130570947,89.44677550506837,89.22077319583214,-0.226002309236236,2.5,2,3,45.00084540871492,43.82758130570947,49.263615655718176,48.13903977583682,1.1807697772142265
378,30.049093412908295,75.25079909040855,29.961106921694203,75.22185783677816,29.922273837355313,74.10643661192321,89.22077319583214,89.30728558613438,0.08651239030223223,2.5,2,3,45.25082572156789,44.106436611923215,49.49344365671116,48.39705306578256,1.1513681804308018
379,30.052115876098455,75.5007808191734,30.41973782167687,75.19302399580083,30.021766634219624,74.32375408869873,89.30728558613438,90.19399823475005,0.8867126486156849,2.5,2,3,45.500810665514514,44.32375943330849,49.72331853630586,48.636059828799745,1.177417938004386
380,30.05126940073098,75.7507793861282,30.713203740809522,75.37753772507538,30.160054055537604,74.53451081597406,90.19399823475005,91.42621542637266,1.2322171916226239,2.5,2,3,45.750808112968066,44.53479842683477,49.95184900500545,48.88507372542573,1.221123800384792
381,30.045047004605408,76.00070193770459,30.172713498176698,75.27024901454303,30.162585944065423,74.68165845568785,91.42621542637266,91.44876712899936,0.02255170262668571,2.5,2,3,46.00072399423908,44.68195426052837,50.178366734862735,49.020204755820494,1.3242700290122957
382,30.03872623908249,76.25062202077757,30.22917897080319,75.99755679424935,30.175904549412977,74.94483812340015,91.44876712899936,91.56738929319334,0.11862216419399374,2.5,2,3,46.25063823376309,44.94518234860269,50.405065088676636,49.26566348204057,1.3129697161303082
383,30.031888066098716,76.50052848205907,30.009299093880433,76.48802004232179,30.14258345830647,75.25347450718448,91.56738929319334,91.27059195978308,-0.29679733341026804,2.5,2,3,46.500539415791145,45.253699130733814,50.63176560819793,49.533833117852254,1.2519573020301216
384,30.026344517201533,76.75046701263334,30.364570424107605,77.05775310793393,30.186980851466696,75.61433022733436,91.27059195978308,91.66603019025492,0.39543823047182514,2.5,2,3,46.750474435377704,45.614713458785694,50.85922375165556,49.881673167464946,1.147436633019721
385,30.01907611349358,77.00036133091116,29.864041973626477,76.59442199921742,30.122393075898653,75.81034858171097,91.66603019025492,91.09071815433612,-0.5753120359187847,2.5,2,3,47.00036520213769,45.81051208230373,51.08617595469501,50.03497517016314,1.194489320998565
386,30.014317245184728,77.25031603315223,30.283592911029558,77.95092648275819,30.154633042924836,76.23846416192042,91.09071815433612,91.37792862241017,0.2872104680740506,2.5,2,3,47.250318202275345,46.23872272707328,51.314376738139,50.44011103425682,1.0215344988842827
387,30.008305476901835,77.50024373998386,29.904758795726675,77.20474847164164,30.104658193485204,76.43172102386467,91.37792862241017,90.93270225791214,-0.4452263644980121,2.5,2,3,47.50024446609535,46.431838974732194,51.542268512502396,50.59745051200572,1.0728581643701682
388,30.004235975306273,77.750210616103,30.616011686254048,77.67654963866127,30.206928892038974,76.680686746824,90.93270225791214,91.84365376026082,0.9109515023486665,2.5,2,3,47.75021080399209,46.68114538784872,51.77115095145108,50.86655571594197,1.0885613099183502
389,29.996192906360665,78.00008120069018,29.686491383159513,77.89194413447198,30.10284139026308,76.92293822435359,91.84365376026082,90.91651389453257,-0.9271398657282361,2.5,2,3,48.000081200690175,46.92305092337938,51.99861080857102,51.047883046886255,1.0824097609454233
390,29.992194030628134,78.25004921662996,29.112354207767954,77.83799841124446,29.904743953764054,77.10595026173176,90.91651389453257,89.15107577211774,-1.765438122414821,2.5,2,3,48.25004921662996,47.10595026173176,52.227914677550515,51.13872683129346,1.1474362442169417
391,29.995898025821177,78.5000217759632,30.140226966432763,78.44519452179783,29.951840556297796,77.37379911374498,89.15107577211774,89.57077847226684,0.4197027001491165,2.5,2,3,48.500021775963205,47.37379911374498,52.46034740761773,51.403820714548004,1.1270840898152679
392,29.997770840523845,78.75001476099496,29.449568240095225,78.7503035103919,29.851386093057283,77.64909999307436,89.57077847226684,88.6756881607194,-0.8950903115474489,2.5,2,3,48.75001476099496,47.64909999307436,52.69226487623522,51.6189331540824,1.1106042591834937
393,30.003548726509813,78.99994798414373,29.628932941613844,78.4066169567682,29.806895462768594,77.80060338581313,88.6756881607194,88.27943903745057,-0.39624912326883077,2.5,2,3,48.99994811264856,47.80060338581313,52.92576748713847,51.74177028205406,1.2153600173137404
394,30.011054961688323,79.2498352716024,30.67330879678041,79.18383246464487,29.98017812957096,78.07724920157948,88.27943903745057,89.82333463490671,1.5438955974561281,2.5,2,3,49.2498365123393,48.07724920157948,53.160028169289774,52.063705293420675,1.1729925278420965
395,30.011825808540653,79.49983408318982,29.28771997313357,79.43362778596861,29.84168649828348,78.3485249184573,89.82333463490671,88.5892880612102,-1.234046573696503,2.5,2,3,49.49983549581825,48.3485249184573,53.39201013686125,52.26157656334959,1.163812776047715
396,30.01798057866982,79.74975830931578,29.774885744304463,79.26258251391044,29.828326347487675,78.53133643754794,88.5892880612102,88.4702917837096,-0.11899627750059949,2.5,2,3,49.749761558589846,48.531336437547935,53.626094378421186,52.42569162306723,1.2330939076191842
397,30.02465439698879,79.99966921373783,29.77302326405863,79.47963045763363,29.817265730801864,78.72099524156508,88.4702917837096,88.37178695323902,-0.09850483047057423,2.5,2,3,49.999675292170586,48.72099524156508,53.86050227394881,52.59714249247597,1.2953830267433806
398,30.03175786046208,80.24956827497392,29.876070222835285,80.06605262694846,29.82902662920855,78.99000671864175,88.37178695323902,88.47652873862631,0.10474178538729007,2.5,2,3,50.249578310498954,48.99000671864175,54.0951978903992,52.850837792360736,1.27577241948378
399,30.038404474590447,80.49947990439647,30.666787858697198,80.93031355981718,29.99657887510628,79.37806808687684,88.47652873862631,89.96950862236336,1.492979883737064,2.5,2,3,50.49949450755137,49.37806808687684,54.329873223686334,53.273415271602325,1.1221915367907958
400,30.038537518317472,80.7494798689952,29.983949961774503,80.89077986302581,29.994053092439923,79.68061044210663,89.96950862236336,89.94699714999867,-0.022511472364698193,2.5,2,3,50.74949450106737,49.68061044210663,54.56237433292805,53.553013108168436,1.0697947073540566
401,30.038768786845853,80.9994797620249,30.56275006239263,80.83018740504886,30.107792486430466,79.91052583469508,89.94699714999867,90.9606295721263,1.013632422127614,2.5,2,3,50.99949449765185,49.9106422350574,54.795065384483806,53.8087716619987,1.0911392793550223
402,30.034577445987825,81.24944462487929,30.463454506919742,81.03381821666417,30.17892489052832,80.13518431108889,90.9606295721263,91.59428812966806,0.6336585575417644,2.5,2,3,51.24945628939238,50.135503588009406,55.02626525394807,54.04373891251823,1.123571195622976
403,30.027621949360512,81.4993478482812,30.653085381952145,81.60032179254283,30.273756988813087,80.42821180737968,91.59428812966806,92.43843429977629,0.8441461701082176,2.5,2,3,51.49935525587046,50.4289548670094,55.25656947137392,54.35098682205683,1.0990518075889355
404,30.01698548412948,81.74912147700807,29.76150459022604,81.90067320327627,30.17130650909568,80.722704086559,92.43843429977629,91.52643831260842,-0.9119959871678702,2.5,2,3,51.74912426455939,50.72299336368752,55.48559526141887,54.58639314093317,1.0379535818922223
405,30.010325928383008,81.99903276190186,30.05415216048284,81.76814730406743,30.14787563937311,80.93179273006069,91.52643831260842,91.3177353962417,-0.20870291636671823,2.5,2,3,51.99903378715935,50.93200740106935,55.716358028261865,54.77211337421177,1.0760674739800449
406,30.004576729916376,82.24896664659337,30.20243642393279,81.84699184530069,30.158787796285047,81.1148325531087,91.3177353962417,91.41493660319145,0.09720120694976231,2.5,2,3,52.2489668470419,51.11507918898874,55.9476327093465,54.94636323131852,1.1445703102015485
407,29.99840353181519,82.49889041822225,30.073737027935724,82.63953618238975,30.14177764261518,81.41977327896491,91.41493660319145,91.26341349638625,-0.1515231068052003,2.5,2,3,52.498890418222246,51.419968737447704,56.17890742054197,55.22394671394563,1.0885999889245923
408,29.99289129721544,82.74882964137403,29.219206739811757,82.80130010343187,29.957263462054495,81.6960786438583,91.26341349638625,89.61910866023301,-1.6443048361532533,2.5,2,3,52.74882964137403,51.6960786438583,56.410590592166045,55.414591147511295,1.0533536943537152
409,29.99455323696708,82.99882411722552,29.93582538098066,83.50170610039171,29.952975845839727,82.05720413516498,89.61910866023301,89.58089638648555,-0.03821227374746172,2.5,2,3,52.998824117225524,52.05720413516498,56.64501316933836,55.7501008741231,0.9425374634828348
410,29.996381905150418,83.24881742908141,29.82494974227054,83.70773105582022,29.92737062512589,82.38730951929602,89.58089638648555,89.3527053944591,-0.2281909920264411,2.5,2,3,53.24881742908141,52.387309519296025,56.8796259383997,56.0493559169207,0.8642675716428403
411,29.999206200595502,83.49880147528285,30.359852041380844,83.23174229636814,30.01386690837688,82.55619607471044,89.3527053944591,90.1235910810723,0.7708856866132123,2.5,2,3,53.498801475282846,52.5561979040965,57.114709208273695,56.237964174298064,0.9427194055183723
412,29.998666933190997,83.7488008936635,29.317543779336713,83.17096228252343,29.874602282568848,82.67914931627304,90.1235910810723,88.88251239031185,-1.241078690760446,2.5,2,3,53.7488008936635,52.67914931627304,57.34876002679909,56.30357527348047,1.076822424798023
413,30.003542583596108,83.99875334520804,30.18459200405767,84.17835928358387,29.936600226866613,82.9789913097352,88.88251239031185,89.43495663078065,0.5524442404687875,2.5,2,3,53.99875346141349,52.97899130973521,57.58478165913595,56.606020428951695,1.0219568915155879
414,30.006008010434915,84.24874118825346,29.597011902438837,84.73869515847363,29.868682561981057,83.33093207948289,89.43495663078065,88.82977286330204,-0.6051837674785929,2.5,2,3,54.248741520944954,53.33093207948289,57.82012000180987,56.91179898066119,0.9280257749304597
415,30.011113734572756,84.49868904597788,30.278996271752856,84.61975492517433,29.950745303935417,83.58869664862118,88.82977286330204,89.56101740229684,0.7312445389948152,2.5,2,3,54.49869017917115,53.58869664862118,58.05645339347036,57.18199582631271,0.9119926045010535
416,30.013029138755325,84.74868170832383,30.00968676652508,85.65025836429253,29.962533596453348,84.00100899175546,89.56101740229684,89.6660778345631,0.10506043226627071,2.5,2,3,54.74868325866668,54.001008991755455,58.2918474926642,57.57266469182386,0.7493759342900618
417,30.014486140815254,84.99867746257777,29.8257239017325,85.27077981979738,29.935171657509176,84.25496315736385,89.6660778345631,89.42222552016621,-0.24385231439688937,2.5,2,3,54.99867937033521,54.25496315736385,58.527208870008025,57.80148870246566,0.7479316513171141
418,30.017007114840883,85.24866475163456,30.279375552860973,85.38084800178594,30.004012436579536,84.48014012624826,89.42222552016621,90.03576154582277,0.6135360256565718,2.5,2,3,55.24866736927202,54.48014027400529,58.763045621156316,58.03659347117536,0.7686344784670261
419,30.016851075670964,85.49866470293811,29.964838144581076,84.99367681290607,29.996177578179843,84.58284746357982,90.03576154582277,89.96593199368832,-0.06982955213445052,2.5,2,3,55.498667261186554,54.582847463579824,58.99810260334428,58.13032216468893,0.9160505495901169
420,30.01699972538214,85.74866465874464,30.395356379268797,86.223336780644,30.076013338397633,84.91094532699266,89.96593199368832,90.67745074743685,0.7115187537485212,2.5,2,3,55.74866725065118,54.910997939680456,59.23338492133564,58.465872338206815,0.8397953830023913
421,30.01404385773974,85.99864718382686,30.12259574375125,85.76710398535086,30.085329819468356,85.0821770586643,90.67745074743685,90.7604724438763,0.08302169643945945,2.5,2,3,55.998648944850984,55.08224315240016,59.467726019734855,58.62991304341896,0.9192383687896492
422,30.01072576816,86.24862516342014,29.88345612791242,86.780521491593,30.04495508115717,85.42184594525004,90.7604724438763,90.40066357843422,-0.35980886544206214,2.5,2,3,56.2486261860416,55.421864177762465,59.702068461180176,58.935398803983986,0.8274874751113906
423,30.008977557749056,86.49861905086614,29.50977223132056,86.3304020265517,29.93791851118985,85.60355716151037,90.40066357843422,89.44670495382269,-0.9539586246115164,2.5,2,3,56.49861976412731,55.603557161510366,59.937076484938764,59.07009534080843,0.897878150906363
424,30.01139172529947,86.74860739418446,29.122362613490726,86.57988157033624,29.774807331650024,85.79882204327554,89.44670495382269,87.99375087994098,-1.452954073881699,2.5,2,3,56.748608537572906,55.798822043275536,60.173584237293625,59.19925292113923,0.9788076359120148
425,30.02014384974297,86.99845414785104,31.03555513400249,86.06330870944028,30.026956892120516,85.85171937650848,87.99375087994098,90.24025665916189,2.246505779220911,2.5,2,3,56.9984577073745,55.85172588189452,60.41216711068291,59.33374722424926,1.1467550101710875
426,30.019095535377094,87.24845194991535,29.829183490657616,87.13274784023334,29.987402211827938,86.10792506925345,90.24025665916189,89.88772012918943,-0.3525365299724399,2.5,2,3,57.24845513462558,56.107925069253454,60.64774881820694,59.5616949284886,1.1409671477610317
427,30.01958544842087,87.49845146988531,29.872183493229286,87.02133991505983,29.96435846810821,86.29060803841473,89.88772012918943,89.68234179988349,-0.2053783293059439,2.5,2,3,57.49845480553844,56.29060803841473,60.88395291832965,59.726109553339946,1.2091053611249425
428,30.02097148669218,87.7484476276516,30.241346331473167,88.58428092494738,30.0197560407812,86.74934261572126,89.68234179988349,90.17607865227694,0.4937368523934538,2.5,2,3,57.74845143557422,56.74934605453762,61.1205571201258,60.1770597424709,0.9991057512461263
429,30.020203199845323,87.99844644711945,29.62218607117263,88.3525870033635,29.940242046859485,87.0699914932497,90.17607865227694,89.46741201654531,-0.7086666357316176,2.5,2,3,57.99844996591432,57.0699914932497,61.35656710118713,60.45326444392342,0.931891832431263
430,30.02252701984711,88.24843564660735,29.89490256833252,88.31084752156117,29.931174151154092,87.31816269891199,89.46741201654531,89.38660088880978,-0.08081112773552945,2.5,2,3,58.24844000266085,57.31816269891199,61.59368347109519,60.684623078853996,0.9347476150449665
431,30.025203427250176,88.49842131988366,30.163757016937932,88.13216631227735,29.97769072431086,87.48096342158506,89.38660088880978,89.80116543404642,0.414564545236658,2.5,2,3,58.498426749198686,57.48096342158506,61.83101219631918,60.8536710688009,1.0185666555266808
432,30.026071004969452,88.74841981449693,28.6958305207579,89.06686762385642,29.72131868360027,87.79814426203933,89.80116543404642,87.51775764046634,-2.283407793580068,2.5,2,3,58.74842559931011,57.79814426203933,62.06786890651598,61.07008998483325,0.9979466934553656
433,30.03689844271091,88.99818523762822,29.899108122961774,88.19969323593291,29.75687657147257,87.87845405681804,87.51775764046634,87.83415166071806,0.31639402025172103,2.5,2,3,58.99819677607585,57.87845405681804,62.307809787674316,61.15758019957623,1.1542140900415205
434,30.04634648839195,89.24800664270154,29.083197668494993,89.12636342068008,29.622140790877054,88.12803592959045,87.83415166071806,86.63613332732791,-1.1980183333901664,2.5,2,3,59.24802476986547,58.12803592959045,62.54744038460942,61.35060692649063,1.1976163292267923
435,30.061015694976273,89.49757590038001,29.201293640261923,89.59846532991907,29.537971360754028,88.42212180965618,86.63613332732791,85.88915646651463,-0.7469768608132767,2.5,2,3,59.49760718664671,58.422121809656176,62.788580878497044,61.602570089534,1.1959000279357086
436,30.078937248493133,89.74693270882835,29.94522161269172,89.22901304282101,29.619421411141566,88.58350005628914,85.88915646651463,86.61198042161396,0.7228239550993294,2.5,2,3,59.746984854488375,58.58350005628914,63.030625009928215,61.7814549468786,1.250891818572391
437,30.093711659124676,89.99649576056176,29.640406292635713,90.35683109310948,29.623618387440395,88.9381662636532,86.61198042161396,86.64925750278141,0.03727708116744566,2.5,2,3,59.99656894708364,58.9381662636532,63.271927043414344,62.119190602726924,1.158036704128823
438,30.108323698972214,90.24606837182247,29.73397631126747,89.52942274429336,29.64568997220581,89.05641755978124,86.64925750278141,86.84534089885133,0.1960833960699233,2.5,2,3,60.24616575588912,59.05641755978124,63.513254020282695,62.23836107642348,1.2764399788991827
439,30.122081542353307,90.4956895282686,30.15889644543847,90.83031376745691,29.74833126685234,89.41119680131638,86.84534089885133,87.75810276233962,0.9127618634882992,2.5,2,3,60.49581270967149,59.41119680131638,63.754424294301195,62.607402862521646,1.147089248162196
440,30.13186116848211,90.74549817286038,30.36417525420394,90.30907585758986,29.87150006432266,89.59077261257107,87.75810276233962,88.85487410025063,1.096771337911008,2.5,2,3,60.745641289204755,59.59077261257107,63.9945886960454,62.81669121634413,1.1837140804031112
441,30.136857390169205,90.99544824341218,30.46858383960915,90.99666691176417,29.990916819379958,89.87195147240969,88.85487410025063,89.91904460057116,1.0641705003205288,2.5,2,3,60.995601778816955,59.87195147240969,64.23346271194467,63.12121139834017,1.1329358519595536
442,30.137210624618497,91.24544799386291,29.618433893868467,91.14128476342283,29.91642023427766,90.12581813061232,89.91904460057116,89.25512252791022,-0.6639220726609381,2.5,2,3,61.24560169289281,60.125818130612316,64.47101792052933,63.33859645448274,1.14119210790708
443,30.140460674168654,91.49542686732609,30.25043027460544,90.48806897103823,29.983222242343214,90.1982682986975,89.25512252791022,89.85046560786996,0.595343079959747,2.5,2,3,61.49558727905311,60.1982682986975,64.70954861349587,63.42839015258742,1.3066538472791844
444,30.14111314029986,91.74542601590053,30.031352835271047,92.33340213375831,29.99284836092878,90.62529506570966,89.85046560786996,89.93625977856901,0.08579417069904594,2.5,2,3,61.74558726583959,60.625295065709665,64.94737925748356,63.83682626343084,1.129900787847082
445,30.141391259424974,91.99542586119999,30.104105853026706,91.96357006196452,30.015099859348364,90.89295006496063,89.93625977856901,90.13457991879592,0.1983201402269117,2.5,2,3,61.99558709456493,60.89295193714574,65.18518596718725,64.09801549185026,1.1096857208358242
446,30.14080404429242,92.24542517155581,29.845277495284904,91.36279188303065,29.981135386535673,90.98691842857464,90.13457991879592,89.831866279601,-0.3027136391949057,2.5,2,3,62.245584426259846,60.98691842857464,65.42281667994996,64.17670909877418,1.268595011183203
447,30.141537664990672,92.49542409515483,28.92253346609438,92.10488499073116,29.769415002447413,91.21051174100594,89.831866279601,87.94575111458306,-1.8861151650179409,2.5,2,3,62.495584369968654,61.210511741005945,65.66094404090987,64.32384097000754,1.337712612567706
448,30.150499096442125,92.7452634290203,28.68841175909036,93.00439235001022,29.553214353776003,91.5692878628068,87.94575111458306,86.02433685316873,-1.921414261414327,2.5,2,3,62.74544392029737,61.5692878628068,65.90152271846885,64.59957739411212,1.3189645924561002
449,30.16783228242624,92.99466182649638,29.52825775439217,91.92495599879973,29.548223033899237,91.6404214900054,86.02433685316873,85.98006706404581,-0.044269789122921566,2.5,2,3,62.99488539801993,61.640421490005394,66.144303440332,64.665868781364,1.4892556898798215
450,30.185358161781775,93.24404675698099,30.652883006728914,93.18448371818457,29.76915502846517,91.94923393564123,85.98006706404581,87.94343703108599,1.9633699670401938,2.5,2,3,63.2443183839255,61.94923393564123,66.38718350945918,65.0271256919164,1.360060767204315
451,30.19432968383092,93.49388572870502,29.689718937799142,93.52258586050463,29.753267810331966,92.26390432061392,87.94343703108599,87.80203456102741,-0.14140247005857987,2.5,2,3,63.494183111178536,62.26390432061392,66.62795566659018,65.32216599618587,1.306671282497701
452,30.20391776519298,93.74370179843592,30.503529662653037,94.1840145490428,29.90332018079618,92.6479263662997,87.80203456102741,89.13838897117478,1.3363544101473508,2.5,2,3,63.74402796672708,62.6479263662997,66.86896000410506,65.73358983211398,1.136258203674902
453,30.20767711083068,93.99367353147863,29.880502803487783,93.6105945125539,29.8987567053345,92.84045999555055,89.13838897117478,89.09772582712922,-0.0406631440455385,2.5,2,3,63.99401051532739,62.840459995550546,67.10842321399795,65.91573356089184,1.1938732245844572
454,30.21161386188246,94.2436425335392,29.59297745946665,94.41825567032949,29.83760085616093,93.15601913050634,89.09772582712922,88.5528966980152,-0.5448291291140208,2.5,2,3,64.2439910528892,63.15601913050634,67.34801363721877,66.19828668584437,1.1501349465491613
455,30.217927369908544,94.49356280005715,30.699303116918287,94.81390542722087,30.0099413083124,93.48759638984924,88.5528966980152,90.08860359745846,1.5357068994432552,2.5,2,3,64.49393099341573,63.487597168187186,67.58834388990317,66.56630263521104,1.0272422403137695
456,30.217540763936444,94.74356250112861,30.68005384376651,94.27671287999085,30.14396381540322,93.64541968787756,90.08860359745846,91.28288852858721,1.194284931128749,2.5,2,3,64.74392797260235,63.645582508342386,67.8268224220992,66.75716235313142,1.100604927142514
457,30.21194357445656,94.99349983621468,30.180302672457273,95.0843225940055,30.15123158681403,93.93320026910315,91.28288852858721,91.34762969145062,0.06474116286341314,2.5,2,3,64.99384540892154,63.933379135175564,68.06377659237734,67.03376933393096,1.062036307034934
458,30.206063972804568,95.24343068722034,29.821412301542434,96.53198019159184,30.08526772975971,94.45295625360089,91.34762969145062,90.75991915578071,-0.5877105356699133,2.5,2,3,65.24375610124706,64.45301265584355,68.30073403054462,67.5100107362213,0.7996509004182665
459,30.20274829718708,95.49340869884377,30.593044898216956,95.49106223906317,30.18682316345116,94.66057745069334,90.75991915578071,91.66462595490285,0.9047067991221525,2.5,2,3,65.49372252258836,64.66084734328427,68.538584912101,67.73845367064088,0.8329834919014333
460,30.195486018023797,95.74330319518442,29.598153347362345,95.80399201019347,30.069089200233396,94.88926036259336,91.66462595490285,90.61574600695481,-1.0488799479480235,2.5,2,3,65.74359383086073,64.88929714307298,68.77528313659015,67.92189964754634,0.8633454207023428
461,30.192799370945245,95.99328875862254,30.37176921168189,95.60657476346492,30.129625202523094,95.03272324276767,90.61574600695481,91.15515099871392,0.5394049917591133,2.5,2,3,65.99357038967034,65.03285242908805,69.0135009082584,68.0768455729587,0.962640683643361
462,30.187759415324866,96.24323795115443,30.195354036911567,96.16757858659695,30.14277096940079,95.25969431153352,91.15515099871392,91.27226236275176,0.1171113640378394,2.5,2,3,66.24350404267055,65.25985048392698,69.25108089022369,68.29757626710142,0.9845720142810275
463,30.182208579714214,96.49317632000567,30.529353618664118,96.20497673256271,30.220087499253456,95.44875079573936,91.27226236275176,91.96080291010867,0.6885405473569222,2.5,2,3,66.49342596896241,65.44912084382892,69.48858928110754,68.5010285995784,1.045112189329179
464,30.17365463294931,96.74302993713927,31.096542539285394,96.63318167869483,30.395378507259842,95.68563697233046,91.96080291010867,93.51944769824476,1.5586447881360925,2.5,2,3,66.7432558474743,65.68682690330527,69.72523493283752,68.77917103974998,1.0803894475912112
465,30.158307800629473,96.99255844199944,31.41503952795196,97.18925759539718,30.599310711398267,95.9863610969438,93.51944769824476,95.32606846846105,1.8066207702162842,2.5,2,3,66.99274548758582,65.98908261330092,69.95970454475653,69.12692277688184,1.098597589886109
466,30.135101897305365,97.2414790840742,30.23945784233619,96.948982762087,30.527340137585853,96.17888542997244,95.32606846846105,94.68951239626949,-0.6365560721915529,2.5,2,3,67.24161480762226,66.18098642642106,70.19144419250011,69.28936837551315,1.1326765252602644
467,30.11466287741882,97.49064217617669,29.463158250980094,96.78236884500613,30.3145037602647,96.29958211297918,94.68951239626949,92.80083724988272,-1.8886751463867881,2.5,2,3,67.49073957905765,66.30032806080894,70.42433133530578,69.34200495645823,1.2077087614986821
468,30.10244678614085,97.74034353202781,29.881742504764944,98.37685715268717,30.227951509164747,96.71503712092078,92.80083724988272,92.03080727064804,-0.7700299792346641,2.5,2,3,67.74042099943823,66.7154265514084,70.6601904089337,69.714175031359,1.032959182232518
469,30.093587573042623,97.99018651140342,30.368324642074683,98.224618485354,30.256026135746733,97.01695339380743,92.03080727064804,92.28067289623046,0.24986562558240166,2.5,2,3,67.99025092238777,67.01744244276965,70.89723353848835,70.01127507051855,0.9866959956536757
470,30.08363888794062,98.23998848030027,30.213326758299893,98.50169162653924,30.247486260257364,97.31390104035378,92.28067289623046,92.20467631061867,-0.07599658561179012,2.5,2,3,68.24003973661716,67.31435599275655,71.13401843543436,70.29311469219338,0.9404700462224925
471,30.074021546486083,98.48980342529626,30.158929256695075,99.0381530915125,30.229774859544907,97.65875145058553,92.20467631061867,92.04703763239797,-0.15763867822067823,2.5,2,3,68.4898434253216,67.65914161691816,71.37099911227607,70.61834350025484,0.8455214244473095
472,30.065091559911163,98.73964388506964,30.970874697275985,98.38521540655333,30.377994827091122,97.80404424177908,92.04703763239797,93.36507122872021,1.3180335963222376,2.5,2,3,68.73967470360449,67.80509785871887,71.60828541973206,70.80007831008443,0.9865369466661209
473,30.050417106518516,98.98921283429536,30.023488604855856,99.10101452921118,30.307093582644068,98.0634382992655,93.36507122872021,92.73494674999918,-0.6301244787210294,2.5,2,3,68.98923125662681,68.06413107934621,71.84379384220375,71.02823159063011,0.960698341367353
474,30.038488181354804,99.23892807360694,30.84639602294006,99.51871391555738,30.414954070703267,98.35449342252387,92.73494674999918,93.69322793621774,0.9582811862185565,2.5,2,3,69.23893877091285,68.35575292490496,72.08030361601158,71.33797810955105,0.961223812584436
475,30.022384591515948,99.48840888327835,29.75451746078403,99.52253673539657,30.28286674871942,98.58810208509841,93.69322793621774,92.51947473971833,-1.1737531964994048,2.5,2,3,69.48841248869925,68.58868537326993,72.31552291078488,71.52427861350431,0.9372317136495066
476,30.011394851600883,99.73816721770706,30.26900017366202,99.26833792528959,30.28009343370794,98.72414925313664,92.51947473971833,92.49480437760879,-0.024670362109532107,2.5,2,3,69.73816814863662,68.72472002779647,72.55251815610227,71.65396625621868,1.049014471062181
477,30.00051265340672,99.98793026093496,30.243475217894467,99.86935415769483,30.272769790545244,98.95319023404828,92.49480437760879,92.4296515901537,-0.06515278745507658,2.5,2,3,69.98793026281253,68.95372975272248,72.78963448602127,71.87160523067017,1.0699583505745978
478,29.989914475400724,100.23770551716134,30.29318331277096,100.60996026390339,30.276852494990386,99.2845442400193,92.4296515901537,92.46597303943501,0.0363214492813313,2.5,2,3,70.23770551716134,69.28509737202636,73.02692624675718,72.19071143610367,0.9954144098460149
479,29.97915795978666,100.487474004709,29.82945678596989,99.84866339248372,30.18737335318629,99.39736807051219,92.46597303943501,91.66952546804809,-0.7964475713869206,2.5,2,3,70.487474004709,69.39762102469817,73.26425284097719,72.27395615306443,1.1098128661263884
480,29.97187431151282,100.73736787911936,29.872366345435022,101.33485478161124,30.124371951636036,99.784865412732,91.66952546804809,91.10834873960839,-0.5611767284397047,2.5,2,3,70.73736787911936,69.78497624170602,73.50272769075127,72.62862925266396,0.9646328206717568
481,29.967038529428624,100.98732110516703,30.715155566190283,100.83957556740759,30.242528674546886,99.99580744366712,91.10834873960839,92.16055504172478,1.0522063021163888,2.5,2,3,70.98732110516703,69.99622761155706,73.74199878850436,72.86407226357018,1.029074419562665
482,29.95761356365596,101.23714338203638,29.535451815455264,100.95707676606258,30.10111330272856,100.18806130814622,92.16055504172478,90.90111588366986,-1.2594391580549313,2.5,2,3,71.23714338203638,70.18813414029526,73.97997659089272,73.00971651914027,1.0588509682063794
483,29.953681865968395,101.48711246363106,29.44116411523227,101.44474398802133,29.969123465229302,100.43939784412125,90.90111588366986,89.72480954058582,-1.1763063430840361,2.5,2,3,71.48711246363106,70.43939784412125,74.21965149740406,73.21526248407476,1.0478284052851108
484,29.95488260624853,101.73710958006,29.35536975048983,101.24114268601457,29.84637272228141,100.59974681249992,89.72480954058582,88.63103028787269,-1.0937792527131478,2.5,2,3,71.73710958006,70.59974681249992,74.46079660284796,73.33623088365538,1.1425272250368812
485,29.96085529514157,101.98703822385134,29.42804942166643,102.57904789511501,29.762708062158413,100.99560702902293,88.63103028787269,87.88605338428016,-0.7449769035925442,2.5,2,3,71.98703822385134,70.99560702902293,74.70320887589646,73.69491737813098,1.0110381496351986
486,29.97007703476752,102.23686808499342,30.180219925133027,101.96817353291307,29.846210434753335,101.19012032980096,87.88605338428016,88.6295846980245,0.7435313137443416,2.5,2,3,72.23686808499342,71.19012032980096,74.94644145990715,73.90470418851599,1.0540511361407092
487,29.976056029433945,102.48679657801247,29.50801735549458,102.89479891506107,29.778571818901582,101.53105604685298,88.6295846980245,88.02726210019463,-0.6023225978298683,2.5,2,3,72.48679657801247,71.53105604685298,75.18895193200424,74.21511896085238,0.9759303132450688
488,29.984662021737226,102.73664840789665,29.402487978685137,102.46695141262246,29.703355050858292,101.71823512000688,88.02726210019463,87.35797363370365,-0.6692884664909684,2.5,2,3,72.73664840789665,71.71823512000688,75.4321333235183,74.37558368839045,1.0565506314491206
489,29.996185951547098,102.98638266474127,29.823358666602008,102.91770816511814,29.727355774007034,101.95812972902914,87.35797363370365,87.57146551583307,0.21349188212940362,2.5,2,3,72.98638266474127,71.95812972902914,75.67601672321882,74.61327629808274,1.0628140778879624
490,30.006779259638556,103.23615812755473,29.880369571581127,102.58273660272208,29.75795853352185,102.08305110376773,87.57146551583307,87.8437811270422,0.2723156112091374,2.5,2,3,73.23615844132297,72.08305110376773,75.91973441489442,74.74184358069286,1.1796472193211662
491,30.016185318728933,103.48598111699403,29.53198671116145,103.77323000924471,29.71276416904977,102.42108688486313,87.8437811270422,87.44166145601629,-0.4021196710259005,2.5,2,3,73.48598289940568,72.42108688486313,76.16322666117095,75.05602505308596,1.1072777969860486
492,30.027344467516848,103.73573193961195,30.110241836047987,103.78588087311815,29.792259702449414,102.69404568251413,87.44166145601629,88.14912195931684,0.7074605033005525,2.5,2,3,73.73573700988018,72.69404568251413,76.40715078505995,75.34028020800463,1.0678834697631017
493,30.035419041950636,103.98560150808261,29.58253737787979,103.68693009102829,29.75031523753549,102.89262256421696,88.14912195931684,87.77575840551356,-0.37336355380330133,2.5,2,3,73.98560998614074,72.89262256421696,76.65042235173499,75.52092012331033,1.1295517478299313
494,30.045121689306104,104.23541315439698,30.0190602697781,104.3513633804536,29.804064243984012,103.1843707274643,87.77575840551356,88.25422838242278,0.4784699769092242,2.5,2,3,74.23542686730414,73.1843707274643,76.89410555915913,75.81657522834159,1.0783315237707536
495,30.052737876394115,104.48529711485511,29.51630987356495,103.92813726320671,29.7465133699002,103.33312403461278,88.25422838242278,87.74192540730607,-0.512302975116711,2.5,2,3,74.48531578487031,73.33312403461278,77.1373565960593,75.94518991314426,1.1921729133026602
496,30.062588035130727,104.73510298823055,28.91666369984372,105.44572872206581,29.580543435888902,103.75564497210338,87.74192540730607,86.26681110551088,-1.4751143017952018,2.5,2,3,74.73512919587125,73.75564497210338,77.38115440679854,76.31050285835948,1.0916524176742244
497,30.07886562150286,104.98457250577107,30.542478115828036,105.43888149239876,29.77293037187673,104.09229227616245,86.26681110551088,87.97704281789404,1.7102317123831767,2.5,2,3,74.98461397953245,74.09229227616245,77.6263290290067,76.68530856837812,0.9432711090212653
498,30.087690603558514,105.23441669660151,29.483994789681987,105.51256938871569,29.71514325543778,104.3763476986731,87.97704281789404,87.46282358492319,-0.514219232970845,2.5,2,3,75.2344678011337,74.3763476986731,77.8699734779855,76.94496715559991,0.9354538640668826
499,30.098757506414202,105.48417162380252,30.42399936402339,105.59413613225998,29.856914477154902,104.61990538539048,87.46282358492319,88.72493550920396,1.2621119242807595,2.5,2,3,75.48423622702126,74.61990538539048,78.11414864820146,77.21675551509317,0.897465420871588
500,30.104320565594165,105.73410972088371,29.717359626895345,105.77211564396566,29.82900350710299,104.85034743710551,88.72493550920396,88.47632280445733,-0.24861270474661978,2.5,2,3,75.73418156945553,74.85034743710551,78.35712527025876,77.43231813358109,0.9256539617616762
501,30.110968077962188,105.98402132641517,30.763427225874405,106.43225649284348,30.015888250857273,105.1667292482531,88.47632280445733,90.14160655669052,1.6652837522331936,2.5,2,3,75.98410235600235,75.16673092743028,78.60039779775883,77.78607181463141,0.8228040559870703
502,30.11035020342705,106.23402056287613,29.976853653775603,105.97031973012231,30.008081331440938,105.32744734462695,90.14160655669052,90.0720262574122,-0.06958029927830012,2.5,2,3,76.23410042984975,75.32744777812044,78.84194363716243,77.9393844088026,0.9123233649446805
503,30.11003592967489,106.48402036534006,29.975528809483485,106.55870760007207,30.00157082704945,105.57369939571598,90.0720262574122,90.01400027354244,-0.05802598386975433,2.5,2,3,76.48409951847228,75.57369941204108,79.08361977260884,78.17574352638749,0.9167600265199582
504,30.109974841958124,106.73402035787664,30.277369641532548,106.19550949877437,30.056730589946067,105.69806141632766,90.01400027354244,90.50560828890302,0.4916080153605833,2.5,2,3,76.7340991655528,75.69808267419955,79.32541187051736,78.31008200830716,1.0373263126652161
505,30.107768738249103,106.98401062389999,29.793183174873523,107.01462310616697,30.004021106931557,105.96137375429552,90.50560828890302,90.035838821838,-0.46976946706502076,2.5,2,3,76.98408605576668,75.9613738607266,79.56670318274884,78.55120090161792,1.0278860530615388
506,30.107612361899022,107.23401057499287,29.377148869165957,107.63374667753767,29.878646659378436,106.29584833894396,90.035838821838,88.91854534076693,-1.1172934810710728,2.5,2,3,77.23408554465148,76.29584833894396,79.80857387771381,78.84298996592884,0.9656985420300876
507,30.112330817847077,107.48396604337367,30.32993170773941,107.68781098264829,29.96890366905063,106.57424086768482,88.91854534076693,89.72285061379341,0.8043052730265003,2.5,2,3,77.48404746800028,76.57424086768482,80.05167608949363,79.13514692098597,0.9209621285883499
508,30.1135401054585,107.73396311860351,30.150890280805605,108.46390960850977,30.005300991401626,106.95217461584981,89.72285061379341,90.04724601244345,0.3243953986500401,2.5,2,3,77.7340460382705,76.95217479843406,80.29398182739662,79.5100575139071,0.7892458228268854
509,30.11333395586297,107.98396303360819,30.206701132531563,107.34139718657151,30.045581019627612,107.03001912999416,90.04724601244345,90.40624208910857,0.35899607666510747,2.5,2,3,77.98404538758373,77.03003261583508,80.53598384105852,79.59553483444735,0.9563469201136638
510,30.111561405210832,108.23395674965758,30.347362139180326,107.51454328493111,30.105937243538154,107.12692396098154,90.40624208910857,90.94409895997156,0.5378568708629814,2.5,2,3,78.23403629274425,77.12699671569351,80.77763855710847,79.70452378707324,1.107047075059757
511,30.10744218279107,108.48392281136728,30.19168993150378,108.39927136393345,30.12308778113128,107.38139344157193,90.94409895997156,91.09690758124931,0.15280862127775663,2.5,2,3,78.48399635392747,77.38149133714867,81.0187346913968,79.9551043574234,1.1026403747408997
512,30.102656312933757,108.73387699806898,30.5815249465201,109.1214228460685,30.214775214209045,107.72939932247124,91.09690758124931,91.91351033443097,0.8166027531816553,2.5,2,3,78.73394392170152,77.72969604613691,81.25970820759197,80.31498400667955,1.01071561222602
513,30.094308601022636,108.9837375906118,29.24318445500191,108.79496951555875,30.02045706236762,107.94251336108874,91.91351033443097,90.1823265699898,-1.7311837644411696,2.5,2,3,78.9837938940315,77.94251604570447,81.49976712810752,80.47269157937743,1.043840000147335
514,30.093513052625262,109.23373632481409,30.619866414893977,109.54067679485573,30.14033893287289,108.26214604784214,90.1823265699898,91.25059691226573,1.0682703422759232,2.5,2,3,79.23379150767161,78.26227187495807,81.74187567450471,80.81210773358636,0.9727180112280226
515,30.088056727465627,109.48367677475318,29.87072537055316,109.9134482446629,30.086416220408942,108.59240648720629,91.25059691226573,90.77015345687684,-0.4804434553888939,2.5,2,3,79.48372555196875,78.59245399663644,81.9828329390935,81.11861977394446,0.8912717973364329
516,30.084696400266196,109.73365419013527,30.46470365243622,109.7608857794819,30.162073706814397,108.82610234566141,90.77015345687684,91.44420463310897,0.6740511762321262,2.5,2,3,79.73369917414026,78.82626896469938,82.22439200141854,81.36377343245398,0.9108444422493642
517,30.078395536043317,109.98357477574207,30.548735301274952,110.19727461491411,30.239406025706508,109.10033679951195,91.44420463310897,92.13276293126903,0.6885582981600464,2.5,2,3,79.9836131952464,79.10069909325308,82.46523025620269,81.64861810263312,0.8977937961673932
518,30.069091751126006,110.23340159493131,30.191600413916483,109.81711102715735,30.229844903348503,109.24369164504103,92.13276293126903,92.04766111341455,-0.08510181785447912,2.5,2,3,80.23343134357148,79.24402497484552,82.70530318672823,81.78514101197038,1.0026800889921452
519,30.060159045838557,110.48324195751559,30.847776665553493,110.51979771410909,30.353431255789502,109.49891285885464,92.04766111341455,93.14685055114987,1.0991894377353333,2.5,2,3,80.48326444114201,79.49969848617246,82.94553765535754,82.06302035401764,1.0270892675907923
520,30.046435222181287,110.73286498662993,29.4774520899631,110.26191929052791,30.178235422624223,109.6515141451893,93.14685055114987,91.5881478633946,-1.5587026877552717,2.5,2,3,80.73287834073102,79.6517135627801,83.18446401862867,82.16766328910745,1.0893534482073184
521,30.03950650718838,110.9827689540025,30.82587622815689,110.17408496607554,30.307763583730758,109.75602830936654,91.5881478633946,92.74090462768554,1.1527567642909275,2.5,2,3,80.98277859039823,79.75662210818578,83.42535998429372,82.300846371451,1.2557286603071922
522,30.027551615554415,111.23248295153972,29.640851407481016,110.76621916509585,30.17438114848081,109.9580664805124,92.74090462768554,91.55382178370668,-1.1870828439788568,2.5,2,3,81.23248762387935,79.95825663486534,83.66492162301886,82.46391968628595,1.2828469329445025
523,30.020772620040013,111.4823910250784,30.88829068567428,111.18092786272805,30.317163055919504,110.20263875695554,91.55382178370668,92.82448162133939,1.2706598376327065,2.5,2,3,81.4823936729004,80.20326586855892,83.90596750808086,82.73602829613908,1.3136259582721586
524,30.008453485014407,111.73208731842738,29.828104846964116,111.43856014822677,30.219351414128425,110.44982303520979,92.82448162133939,91.95425007614938,-0.8702315451899949,2.5,2,3,81.732087755596,80.45012207224705,84.14554241484822,82.95177031266174,1.299492065585662
525,29.999928113695777,111.9819419122292,30.331952687134056,111.48523616426719,30.24187166872955,110.65690566102127,91.95425007614938,92.15470766127683,0.20045758512745238,2.5,2,3,81.9819419122292,80.65726831919748,84.3862306555585,83.15810122570261,1.346943855859462
526,29.99052864384479,112.23176514967224,30.52178215236279,112.87684367540318,30.2978537654562,111.10089326389765,92.15470766127683,92.65277716990911,0.49806950863228394,2.5,2,3,82.23176514967224,81.10144021574287,84.62673593546681,83.60237888772043,1.1718873462960755
527,29.978957854871215,112.4814972398059,30.251879729431106,112.74841123879526,30.28865895825118,111.43039685887717,92.65277716990911,92.57099702084074,-0.08178014906837916,2.5,2,3,82.4814972398059,81.43090848436123,84.86669631773603,83.91983802962478,1.0957767948917743
528,29.967743528382517,112.73124559091438,29.858684090341413,112.82436232076199,30.202663984669226,111.70918995125413,92.57099702084074,91.80568055896862,-0.7653164618721178,2.5,2,3,82.73124559091438,81.70944128545251,85.10681393777735,84.16970568184007,1.0487065134456264
529,29.95986606476773,112.98112145122705,30.326366151268655,112.83872426500022,30.22740441798911,111.93509681400334,91.80568055896862,92.02593733234234,0.22025677337370553,2.5,2,3,82.98112145122705,81.93541238493538,85.3478925962836,84.39495233370883,1.0796963981246768
530,29.951028087469734,113.23096518270191,29.442504803553266,113.84704122672407,30.070424495101943,112.3174856965475,92.02593733234234,90.62764565739398,-1.3982916749483536,2.5,2,3,83.23096518270191,82.31751582142655,85.58876729449457,84.72892298864001,0.9212493005589806
531,29.9482895214278,113.48095018276398,29.77415424436746,113.77190893585741,30.011170444955045,112.60837034440948,90.62764565739398,90.09955846554315,-0.5280871918508296,2.5,2,3,83.48095018276398,82.6083710996528,85.83124896124853,84.99758698655012,0.8748426057562579
532,29.947855115890913,113.73094980534735,30.511400867604046,113.57539580988417,30.111216529484846,112.80177543750442,90.09955846554315,90.99113810823786,0.891579642694694,2.5,2,3,83.73094980534735,82.80185012860123,86.07432183311218,85.20912536752583,0.9434256501217897
533,29.943530675741712,113.98091240098397,29.760371381600912,113.85438498686723,30.04104749990806,113.01229734737699,90.99113810823786,90.365838128939,-0.6252999792988589,2.5,2,3,83.98091240098397,83.01230749585619,86.31649937014356,85.39721948507986,0.9735115063878529
534,29.941934416618313,114.23090730484564,29.62403168749926,114.46733396316404,29.957644337426302,113.3033046705344,90.365838128939,89.62250313064358,-0.7433349982954383,2.5,2,3,84.23090730484564,83.3033046705344,86.55938131522316,85.66065687660283,0.9277356567433145
535,29.943581545523063,114.48090187871951,29.887882211788217,114.64119478712965,29.943691912298686,113.57088269385345,89.62250313064358,89.49815704600513,-0.12434608463843233,2.5,2,3,84.48090187871951,83.57088269385345,86.80304848969742,85.91765407250422,0.9100191915586785
536,29.945771220494127,114.73089228918263,29.80699091773499,115.1825807566177,29.916351713385946,113.8932223064063,89.49815704600513,89.25451192664427,-0.2436451193608491,2.5,2,3,84.73089228918263,83.8932223064063,87.04687184328544,86.22490251965148,0.8381864395484996
537,29.949023934069583,114.98087112799584,30.29678301822219,115.26550805064755,29.992437974353194,114.16767945525456,89.25451192664427,89.93260214044382,0.6780902137995497,2.5,2,3,84.98087112799584,84.16767945525456,87.29096180931401,86.50951300892197,0.8143497255537775
538,29.949318012641275,115.23087095503136,30.353859607831247,115.15139921048664,30.064722301048803,114.36442340630097,89.93260214044382,90.57682946267896,0.6442273222351389,2.5,2,3,85.23087095503136,84.36444823297238,87.53443124235572,86.71763959942538,0.8740992532222829
539,29.946801161821547,115.48085828563424,29.105705875198993,114.83068540479776,29.872919015878843,114.45767580600032,90.57682946267896,88.86751576141249,-1.709313701266467,2.5,2,3,85.48085828563424,84.45767580600032,87.77728641190687,86.76423175919402,1.0258464593295187
540,29.95174223475129,115.73080945246149,30.097773783161824,115.23229028111325,29.917889969335437,114.6125987010229,88.86751576141249,89.26821962633188,0.400703864919393,2.5,2,3,85.73080945246149,84.6125987010229,88.02183653830575,86.92533692641574,1.118723049063808
541,29.954935142173817,115.98078906231436,30.59680677342333,116.0081938572378,30.053673330153018,114.89171773226589,89.26821962633188,90.47836192998683,1.2101423036549477,2.5,2,3,85.98078906231436,84.89173469991691,88.26604966977145,87.22816949568067,1.093538107108736
542,29.95284791874894,116.23078034915928,30.246165512308234,115.82053466402736,30.092171766584062,115.07748111861818,90.47836192998683,90.82144088115326,0.34307895116643294,2.5,2,3,86.23078034915928,85.07753104741221,88.50911602594208,87.41780802437654,1.1616842297897758
543,29.949263829537294,116.48075465644808,29.752380225058253,116.56077729622731,30.0242134582789,115.37414035414001,90.82144088115326,90.21580570764091,-0.6056351735123542,2.5,2,3,86.48075465644808,85.37414378780007,88.75186788619861,87.69100846626817,1.1091495214448277
544,29.948322201727994,116.73075288311593,30.426387394397246,116.77766044945001,30.10464824550257,115.65484437320201,90.21580570764091,90.93261361824914,0.7168079106082246,2.5,2,3,86.73075288311593,85.65490829983267,88.99527546075733,87.98266446109055,1.0872060309193439
545,29.944253086844682,116.98071976553051,29.72686130512059,117.17248793030815,30.029090857426173,115.95837308462323,90.93261361824914,90.25927564066497,-0.6733379775841684,2.5,2,3,86.98071976553051,85.95837800722664,89.2379899040866,88.26101281953608,1.0258607036432195
546,29.943121787305778,117.23071720584011,30.05490305975419,116.25347903435218,30.034253297891777,116.01739427456903,90.25927564066497,90.30528568482603,0.0460100441610507,2.5,2,3,87.23071720584011,86.01740109463363,89.4814289719859,88.31966611684369,1.216740517846731
547,29.94178973351881,117.48071365708034,29.633084063310882,117.226279554114,29.954019450975597,116.25917133047803,90.30528568482603,89.59019721508275,-0.7150884697432787,2.5,2,3,87.48071365708034,86.25917133047803,89.7248585383558,88.53704044562747,1.2216035452101786
548,29.943577820243373,117.7307072624903,30.268494098854138,116.99448565886071,30.016914380551306,116.40623419615456,89.59019721508275,90.15075205947237,0.5605548443896282,2.5,2,3,87.7307072624903,86.4062358516848,89.96901296029023,88.69449909255383,1.3265018486706306
549,29.94292004105433,117.98070639714187,30.27952260534578,118.69629377223562,30.0694360255102,116.86424611137078,90.15075205947237,90.61883678976936,0.4680847302969937,2.5,2,3,87.98070639714187,86.86427386364564,90.2126640661053,89.1525631425078,1.1236057422543366
550,29.94021990867432,118.23069181528687,29.225742328655308,118.52539468312035,29.90069728613922,117.1964758257207,90.61883678976936,89.11501738953227,-1.5038194002370915,2.5,2,3,88.23069181528687,87.1964758257207,90.45588619990643,89.43859988226583,1.034970893680784
551,29.94408122022879,118.48066199405442,29.68778183560928,118.63150183859433,29.85811419603323,117.48348102829543,89.11501738953227,88.7356229654584,-0.37939442407386537,2.5,2,3,88.48066199405442,87.48348102829543,90.70057289028107,89.70899705297582,1.000879716909611
552,29.949597658033998,118.73060112447209,29.994190438013653,118.4992663575253,29.885329444429317,117.6866380941414,88.7356229654584,88.97808677363784,0.2424638081794228,2.5,2,3,88.73060112447209,87.6866380941414,90.94562123943957,89.9131404599262,1.045939392114652
553,29.954056359246774,118.98056136127686,29.722519808583417,119.41208006826452,29.852767517260137,118.03172648896603,88.97808677363784,88.68799383261619,-0.29009294102166905,2.5,2,3,88.98056136127686,88.03172648896603,91.19048560763316,90.24254676549472,0.95422588752564
554,29.959780565819038,119.23049581960368,30.712833132478284,119.48519312630975,30.024780640303767,118.32241981643477,88.68799383261619,90.22086074431495,1.5328669116987612,2.5,2,3,89.23049581960368,88.3224232927895,91.43562885685184,90.5640197977256,0.9103993833555832
555,29.958816881411444,119.4804939622215,30.71994118171441,120.44797878214567,30.163812748585897,118.74753160957695,90.22086074431495,91.45969419891749,1.238833454602542,2.5,2,3,89.4804939622215,88.74768279459165,91.67940429032507,91.00936056995948,0.761089427040501
556,29.952448452908072,119.73041283529514,29.903508013633626,120.38548608746873,30.111751801595442,119.0751225051553,91.45969419891749,90.9959073812322,-0.46378681768527485,2.5,2,3,89.73041283529514,89.0751926058742,91.92196248372014,91.31735875416788,0.6743759883609314
557,29.948103206008227,119.98037507010147,30.073423359703437,119.3908871882852,30.10408611321704,119.13827544178129,90.9959073812322,90.92760483503918,-0.06830254619302423,2.5,2,3,89.98037507010147,89.13833621205768,92.16504065682223,91.37727522301437,0.8564242239441303
558,29.94405594318494,120.23034230728194,29.781449891789357,119.93068908208096,30.039558868931504,119.29675816984123,90.92760483503918,90.35257096367849,-0.575033871360688,2.5,2,3,90.23034230728194,89.29676693221998,92.4082249605205,91.51773019095522,0.9384562592401863
559,29.94251757185283,120.48033757406442,29.49930706081056,120.17366410479639,29.931508507307313,119.47213935683226,90.35257096367849,89.38958055726,-0.9629904064184984,2.5,2,3,90.48033757406442,89.47213935683226,92.65201290107146,91.66530833671632,1.0082583224215307
560,29.945180978741075,120.73032338618933,30.28002739840673,121.2163221953253,30.001212285527195,119.82097592453087,89.38958055726,90.01080470898107,0.6212241517210657,2.5,2,3,90.73032338618933,89.82097593271179,92.89672667019667,92.02095527066581,0.9110720681509433
561,29.945133834304745,120.98032338174413,29.845306647589364,121.64646396314902,29.97003115793963,120.1860735322545,90.01080470898107,89.732899331168,-0.277905377813056,2.5,2,3,90.98032338174413,90.1860735322545,93.14090189768974,92.37061222929236,0.7946399814623489
562,29.946299276609803,121.23032066521783,30.361899968027544,121.44801783210815,30.048404919957214,120.43846239222523,89.732899331168,90.43140925485261,0.6985099236846111,2.5,2,3,91.23032066521783,90.43847534598432,93.38536428964957,92.63397875350331,0.7984141074093127
563,29.944416916416014,121.4803135785576,29.68078739282824,121.74801660025702,29.97488141453142,120.70037323383158,90.43140925485261,89.77612730501887,-0.6552819498337499,2.5,2,3,91.4803135785576,90.70037323383158,93.62920238134602,92.87385849786229,0.7805350901636379
564,29.94539374283864,121.7303116701706,29.588413907177685,122.03275554322366,29.897587913060672,120.96684969571,89.77612730501887,89.0873113723594,-0.6888159326594803,2.5,2,3,91.7303116701706,90.96684969571,93.87368540045449,93.11756949319431,0.7649572431241065
565,29.94937592982213,121.98027995253223,30.048370249734436,122.05089817627272,29.927744380395424,121.18365939182254,89.0873113723594,89.35603613142379,0.26872475906441196,2.5,2,3,91.98027995253223,91.18365939182254,94.11880524175585,93.3358170059827,0.7969141996953066
566,29.95218569310824,122.23026416249412,30.224109921707203,122.183040435746,29.98701748865778,121.38353560060723,89.35603613142379,89.88429122948536,0.5282550980615497,2.5,2,3,92.23026416249412,91.38353560060723,94.36371835306046,93.54374082192437,0.8474446952434408
567,29.95269056751979,122.48026365269726,29.45156986604319,122.6731027042353,29.87992796413486,121.64144902133285,89.88429122948536,88.92996117075087,-0.9543300587344845,2.5,2,3,92.48026365269726,91.64144902133285,94.60818688758172,93.77295300132516,0.8419645967868072
568,29.95735922129215,122.73022005623987,29.533971761009497,122.89771737859965,29.810736723509788,121.8927026927862,88.92996117075087,88.31364469875058,-0.6163164720002783,2.5,2,3,92.73022005623987,91.8927026927862,94.85351811486154,94.00390469397011,0.8502549564350256
569,29.96471627207829,122.98011178040002,29.56450083760224,123.20504213858308,29.761489546328278,122.15517058194558,88.31364469875058,87.87520799935888,-0.43843669939170127,2.5,2,3,92.98011178040002,92.15517058194558,95.09937477460234,94.25015614882095,0.8496052512587938
570,29.973985301252444,123.22993989150477,29.179996864958916,123.42243324893523,29.645191010054404,122.40862311534352,87.87520799935888,86.8409072971655,-1.0343007021933772,2.5,2,3,93.22993989150477,92.40862311534352,95.34559130336463,94.473737916392,0.8846846515727154
571,29.98776246051384,123.4795599826086,29.36285131772714,123.10453713527866,29.58872307158895,122.54780591933054,86.8409072971655,86.3394104583634,-0.5014968388020975,2.5,2,3,93.4795599826086,92.54780591933054,95.59256656623488,94.59817361903704,1.013606466212962
572,30.00372393164103,123.72904992517034,29.781244960376743,122.76552537512438,29.62722744934651,122.5913498104893,86.3394104583634,86.68131506546574,0.34190460710232173,2.5,2,3,93.72904999914776,92.5913498104893,95.83988611746355,94.64875127056236,1.1983785512622447
573,30.01819633083222,123.9786306729488,30.557635544660588,124.17186268401237,29.813309068409325,122.90745238519392,86.68131506546574,88.33655159112496,1.6552365256592338,2.5,2,3,93.9786324345538,92.90745238519392,96.08699811890398,94.99664165088883,1.090596953260285
574,30.02545347414847,124.22852531849145,30.335002020466206,124.83366650338759,29.9176476588207,123.29269520883265,88.33655159112496,89.26606034433391,0.9295087532089497,2.5,2,3,94.22852875630039,93.29269520883265,96.3329319108625,95.39517633292091,0.9420191547747198
575,30.02865580244538,124.47850480783703,30.4686406578146,123.75398245820487,30.02784625861948,123.38495265870709,89.26606034433391,90.24818315130946,0.9821228069755534,2.5,2,3,94.47850915356094,93.38495681041505,96.57812860051345,95.50844993417003,1.0935524487777912
576,30.02757290254719,124.72850246248164,30.10439580105453,125.21185226146272,30.04315616710649,123.75033257925821,90.24818315130946,90.38463119195053,0.13644804064108484,2.5,2,3,94.72850647534429,93.7503425123145,96.82248114539945,95.86893640726667,0.9782940041621759
577,30.02589464497614,124.97849682932123,30.328071338724456,125.75638624510611,30.100139201430082,124.15154331242779,90.38463119195053,90.89243616029704,0.5078049683465053,2.5,2,3,94.9785003592393,94.15159656623794,97.06673640485224,96.27319826425645,0.8302796958046552
578,30.022000815087477,125.22846650365953,30.850676297351537,124.9154770625808,30.250246620614373,124.30433006245839,90.89243616029704,92.2292416947831,1.336805534486075,2.5,2,3,95.22846904510473,94.30466208995303,97.31054079223878,96.45402613019738,0.9519056201622794
579,30.012276367152996,125.47827730228995,30.096788877413022,125.47592789504297,30.219555071974103,124.5386496289753,92.2292416947831,91.95606309990741,-0.27317859487567375,2.5,2,3,95.47827809152282,94.53890457425335,97.55302477118937,96.67671219574416,0.962218595710461
580,30.003743089631257,125.72813162619637,30.443918097883866,125.48476981262701,30.264427677156057,124.72787366570564,91.95606309990741,92.35543061027778,0.3993675103703822,2.5,2,3,95.72813169937612,94.7282427326842,97.79583284699991,96.87113645616313,1.0336694063858358
581,29.993468479412,125.97792040173451,30.138108386362696,126.41429031690946,30.239163818997383,125.06515699594641,92.35543061027778,92.13060720787057,-0.22482340240719623,2.5,2,3,95.97792040173451,95.06545783825088,98.03825776949999,97.1957191791704,0.9452530004394931
582,29.984174094103203,126.22774757079691,31.01026506941613,126.38310643898423,30.393384069081133,125.32874688455398,92.13060720787057,93.50173856559562,1.3711313577250621,2.5,2,3,96.22774757079691,95.32955855140192,98.28095754912259,97.48569175201257,0.9877525183398391
583,29.968904387452316,126.47728080717795,29.933195522629106,127.88881832880523,30.301346359790728,125.84076117340423,93.50173856559562,92.68383807019124,-0.8179004954043876,2.5,2,3,96.47728080717795,95.84123492488015,98.52219472982867,97.967321930926,0.7181050822488857
584,29.957198216678947,126.72700658791719,29.88230015310472,127.229360102733,30.217537118453524,126.11848095926999,92.68383807019124,91.9380984947712,-0.745739575420032,2.5,2,3,96.72700658791719,96.1187271259636,98.7643840871738,98.22174499088068,0.6618759585433388
585,29.948743279276982,126.97686357507891,30.012033282300564,126.51851305633157,30.176436351222932,126.1984873786823,91.9380984947712,91.5721255139722,-0.3659729807990004,2.5,2,3,96.97686357507891,96.19864917831502,99.00739582113027,98.29159454287762,0.810995461225914
586,29.941884448387082,127.22676947024512,29.561800098966703,127.52793502533326,30.053509100771688,126.4643769080125,91.5721255139722,90.47689830830339,-1.095227205668806,2.5,2,3,97.22676947024512,96.46439174884668,99.25081086305043,98.5267437780516,0.7705209159832088
587,29.93980361099465,127.47676081032662,30.318929142905645,127.2158901536649,30.106593109198478,126.61467955714298,90.47689830830339,90.94994288180457,0.4730445735011699,2.5,2,3,97.47676081032662,96.614738358184,99.49529971872371,98.68470698334312,0.8780676647057277
588,29.935658893138616,127.72672645059323,29.61190430415394,127.36498074893476,30.00765534818957,126.76473979550133,90.94994288180457,90.06822961205405,-0.8817132697505201,2.5,2,3,97.72672645059323,96.76474009832008,99.73937817257864,98.81154355753692,0.9646770517198059
589,29.935361185364552,127.97672627333333,29.728006036400274,128.37916912969536,29.95172548583171,127.08762566234013,90.06822961205405,89.5697529440843,-0.4984766679697543,2.5,2,3,97.97672627333333,97.08762566234013,99.98428634955907,99.11648907529298,0.8892511944317278
590,29.9372384746522,128.22671922480382,29.63992206348971,128.6682328592349,29.88936480136331,127.40374710171909,89.5697529440843,89.01404156353601,-0.5557113805483027,2.5,2,3,98.22671922480382,97.40374710171909,100.2296455529181,99.41366496441704,0.8243633931518008
591,29.94154031758355,128.47668221035846,29.584461579688206,129.21516209071524,29.82838415702829,127.76603009951832,89.01404156353601,88.47080665440754,-0.543234909128472,2.5,2,3,98.47668221035846,97.76603009951832,100.47547944348283,99.75651086369557,0.7196045714926773
592,29.94821189015565,128.72659317474262,30.86479268127996,127.52513409130826,30.035665861878623,127.7178508978763,88.47080665440754,90.31787503875614,1.8470683843486029,2.5,2,3,98.72659317474262,97.71785740668534,100.72175215665027,99.7507207524258,1.0125261370984746
593,29.94682490576184,128.9765893272616,30.10858821560131,129.22809208003088,30.05025033262316,128.01989913430722,90.31787503875614,90.44785585307885,0.12998081432272102,2.5,2,3,98.97658932726159,98.01991201483345,100.96653435014254,100.04955354573362,0.962264487662573
594,29.944870785858342,129.22658168997575,29.924793486666758,130.02275088915363,30.02515896343188,128.4204694852765,90.44785585307885,90.22423256521533,-0.22362328786351782,2.5,2,3,99.22658168997575,98.42047270093597,101.21122657364654,100.43702407585043,0.8101006591919058
595,29.943892389217606,129.47657977544844,30.323899233102964,128.98627330680017,30.0849070173661,128.53363024958122,90.22423256521533,90.75670480590635,0.5324722406910212,2.5,2,3,99.47657977544844,98.53366683201628,101.45614208836176,100.55983184183151,0.9534353327232392
596,29.940590737618916,129.72655797269115,30.103722903075532,129.34242065095256,30.088670194507987,128.6953883298555,90.75670480590635,90.79023867465087,0.03353386874451303,2.5,2,3,99.72655797269115,98.69542816151298,101.70060729438022,100.71908631319432,1.0417477419502255
597,29.937142780249577,129.97653419474034,29.51836598284251,129.49580779868106,29.97460935217489,128.8554722236206,90.79023867465087,89.77370253858409,-1.016536136066776,2.5,2,3,99.97653419474034,98.85547222362061,101.9450687960538,100.85330637776343,1.1216878741890224
598,29.93813018663003,130.22653224479,30.19552867042269,129.65211091525774,30.018793215824452,129.01479996194803,89.77370253858409,90.16749738176854,0.3937948431844518,2.5,2,3,100.22653224479001,99.01480174544382,102.19044378587921,101.01822950993807,1.2144141178198866
